Label,0000,1000,0100,0010,0001,1100,1010,1001,0110,0101,0011,1110,1101,1011,0111,1111
AMP,1.851,1.570,2.024,1.948,2.082,2.186,0.051,2.165,2.033,2.198,2.434,0.088,2.322,0.083,0.034,2.821
AM,1.778,1.720,1.448,2.042,1.782,1.557,1.799,2.008,1.184,1.544,1.752,1.768,2.247,2.005,0.063,2.047
CEC,2.258,0.234,2.396,2.151,1.996,2.150,2.242,0.172,2.230,1.846,2.648,2.640,0.095,0.093,0.214,0.516
CTX,0.160,0.185,1.653,1.936,0.085,0.225,1.969,0.140,2.295,0.138,2.348,0.119,0.092,0.203,2.269,2.412
ZOX,0.993,1.106,1.698,2.069,0.805,1.116,1.894,1.171,2.138,2.010,2.683,1.103,1.105,0.681,2.688,2.591
CXM,1.748,0.423,2.940,2.070,1.700,2.024,1.911,1.578,2.918,2.173,1.938,1.591,1.678,2.754,3.272,2.923
CRO,1.092,0.830,2.880,2.554,0.287,1.407,3.173,0.540,2.732,0.656,3.042,2.740,0.751,1.153,0.436,3.227
AMC,1.435,1.417,1.672,1.061,1.573,1.377,1.538,1.351,0.073,1.625,1.457,1.307,1.914,1.590,0.068,1.728
CAZ,2.134,0.288,2.042,2.618,2.656,2.630,1.604,0.576,2.924,2.756,2.688,2.893,2.677,1.378,0.251,2.563
CTT,2.125,3.238,3.291,2.804,1.922,0.546,2.883,2.966,3.082,2.888,0.588,3.193,3.181,0.890,3.508,2.543
SAM,1.879,2.198,2.456,0.133,2.533,2.504,2.308,2.570,0.083,2.437,0.094,2.528,3.002,2.886,0.094,3.453
CPR,1.743,1.553,2.018,1.763,1.662,0.223,0.165,0.256,2.042,2.050,1.785,1.811,0.239,0.221,0.218,0.288
CPD,0.595,0.432,1.761,2.604,0.245,0.638,2.651,0.388,2.910,1.471,3.043,0.963,0.986,1.103,3.096,3.268
TZP,2.679,2.709,3.038,2.427,2.906,2.453,0.172,2.500,2.528,3.309,0.141,0.609,2.739,0.093,0.143,0.171
FEP,2.590,2.067,2.440,2.393,2.572,2.735,2.957,2.446,2.652,2.808,2.832,2.796,2.863,2.633,0.611,3.203
