0000,0001,0010,0011,0100,0101,0110,0111,1000,1001,1010,1011,1100,1101,1110,1111
1000000000,0,0,0,0,0,0,0,0,0,0,0,0,0,0,0
999999991,5,0,0,3,0,0,0,1,0,0,0,0,0,0,0
999999978,6,2,0,9,0,0,0,5,0,0,0,0,0,0,0
999999950,7,10,0,17,0,0,0,16,0,0,0,0,0,0,0
999999872,8,42,0,32,0,0,0,46,0,0,0,0,0,0,0
999999632,11,173,0,55,0,0,0,129,0,0,0,0,0,0,0
999998834,13,702,0,91,0,0,0,360,0,0,0,0,0,0,0
999996012,16,2838,0,148,0,0,0,986,0,0,0,0,0,0,0
999985576,18,11466,0,242,0,0,0,2699,0,0,0,0,0,0,0
999945888,20,46314,0,396,0,0,0,7382,0,0,0,0,0,0,0
999792105,22,187038,0,647,0,0,0,20188,0,0,0,0,0,0,0
999188748,27,754994,0,1054,0,0,0,55177,0,0,0,0,0,0,0
996805569,31,3042157,0,1712,0,0,0,150531,0,0,0,0,0,0,0
987417831,33,12171595,0,2768,0,0,0,407774,0,0,0,0,0,0,0
951545782,33,47375232,0,4344,0,0,0,1074609,0,0,0,0,0,0,0
830434636,32,166994517,0,6171,0,0,0,2564642,0,0,0,0,0,0,0
549247101,23,446107603,0,6644,0,0,0,4638627,0,3,0,0,0,0,0
232359976,10,762269019,4,4575,0,5,0,5366403,0,8,0,0,0,0,0
69864713,3,925720566,6,2239,0,9,0,4412453,0,12,0,0,0,0,0
18284738,1,978556278,6,954,0,12,0,3157993,0,17,0,0,0,0,0
4594940,0,993234415,4,390,0,16,0,2170212,0,21,0,0,0,0,0
1142393,0,997381907,5,158,0,20,0,1475493,0,24,0,0,0,0,0
283220,0,998716332,5,64,0,24,0,1000329,0,27,0,0,0,0,0
70162,0,999252106,5,26,0,29,0,677643,0,29,0,0,0,0,0
17378,0,999523610,6,10,0,34,0,458927,0,33,0,0,0,0,0
4306,0,999684837,6,4,0,41,0,310770,0,35,0,0,0,0,0
1068,0,999788410,5,1,0,47,0,210431,0,37,0,0,0,0,0
267,0,999857150,3,0,0,55,0,142484,0,40,0,0,0,0,0
70,0,999903344,5,0,0,63,0,96474,0,44,0,0,0,0,0
21,0,999934532,6,0,0,72,0,65321,0,49,0,0,0,0,0
8,0,999955624,6,0,0,81,0,44227,0,54,0,0,0,0,0
4,0,999969894,6,0,0,92,0,29944,0,60,0,0,0,0,0
4,0,999979547,6,0,0,103,0,20274,0,65,0,0,0,0,0
4,0,999986079,3,0,0,116,0,13727,0,70,0,0,0,0,0
4,0,999990495,3,0,0,130,0,9294,0,73,0,0,0,0,0
4,0,999993475,5,0,0,146,0,6293,0,77,0,0,0,0,0
4,0,999995485,6,0,0,162,0,4261,0,83,0,0,0,0,0
3,0,999996837,8,0,0,179,0,2884,0,88,0,0,0,0,0
3,0,999997745,7,0,0,199,0,1953,0,93,0,0,0,0,0
2,0,999998348,7,0,0,222,0,1323,0,99,0,0,0,0,0
3,0,999998744,6,0,0,246,0,896,0,105,0,0,0,0,0
3,0,999999004,6,0,0,271,0,606,0,110,0,0,0,0,0
3,0,999999165,5,0,0,299,0,411,0,117,0,0,0,0,0
5,0,999999261,4,0,0,329,0,278,0,123,0,0,0,0,0
3,0,999999310,6,0,0,363,0,188,0,130,0,0,0,0,0
4,0,999999326,6,0,0,400,0,127,0,137,0,0,0,0,0
4,0,999999320,5,0,0,441,0,86,0,144,0,0,0,0,0
3,0,999999297,6,0,0,485,0,58,0,151,0,0,0,0,0
4,0,999999259,6,0,0,532,0,39,0,159,0,0,0,0,0
4,0,999999210,7,0,0,585,0,27,0,166,0,0,0,0,0
4,0,999999154,6,0,0,643,0,19,0,175,0,0,0,0,0
4,0,999999088,6,0,0,706,0,13,0,183,0,0,0,0,0
3,0,999999014,6,0,0,774,0,8,0,193,0,0,0,0,0
2,0,999998932,7,0,0,850,0,6,0,202,0,0,0,0,0
2,0,999998842,6,0,0,934,0,4,0,212,0,0,0,0,0
4,0,999998739,7,0,0,1027,0,3,0,221,0,0,0,0,0
6,0,999998627,7,0,0,1128,0,2,0,231,0,0,0,0,0
4,0,999998509,7,0,0,1237,0,1,0,243,0,0,0,0,0
3,0,999998378,6,0,0,1358,0,0,0,254,0,0,0,0,0
3,0,999998239,4,0,0,1490,0,0,0,265,0,0,0,0,0
3,0,999998083,4,0,0,1632,0,0,0,278,0,0,0,0,0
2,0,999997912,6,0,0,1790,0,0,0,289,0,0,0,0,0
4,0,999997722,7,0,0,1963,0,0,0,303,0,0,0,0,0
4,0,999997520,7,0,0,2153,0,0,0,316,0,0,0,0,0
5,0,999997301,6,0,0,2361,0,0,0,328,0,0,0,0,0
4,0,999997062,5,0,0,2587,0,0,0,342,0,0,0,0,0
5,0,999996797,5,0,0,2837,0,0,0,356,0,0,0,0,0
4,0,999996511,7,0,0,3109,0,0,0,370,0,0,0,0,0
4,0,999996195,7,0,0,3408,0,0,0,386,0,0,0,0,0
5,0,999995851,7,0,0,3736,0,0,0,402,0,0,0,0,0
5,0,999995477,5,0,0,4094,0,0,0,419,0,0,0,0,0
4,0,999995070,5,0,0,4486,0,0,0,435,0,0,0,0,0
2,0,999994625,5,0,0,4915,0,0,0,452,0,0,0,0,0
3,0,999994136,4,0,0,5386,0,0,0,470,0,0,0,0,0
3,0,999993603,4,0,0,5901,0,0,0,487,0,0,0,0,0
3,0,999993018,4,0,0,6468,0,0,0,506,0,0,0,0,0
5,0,999992375,5,0,0,7089,0,0,0,526,0,0,0,0,0
5,0,999991676,6,0,0,7767,0,0,0,548,0,0,0,0,0
3,0,999990912,5,0,0,8510,0,0,0,570,0,0,0,0,0
1,0,999990079,4,0,0,9323,0,0,0,593,0,0,0,0,0
0,0,999989164,5,0,0,10215,0,0,0,616,0,0,0,0,0
2,0,999988161,7,0,0,11191,0,0,0,638,0,0,0,0,0
3,0,999987068,5,0,0,12262,0,0,0,662,0,0,0,0,0
2,0,999985875,5,0,0,13431,0,0,0,685,0,0,0,0,0
4,0,999984567,6,0,0,14713,0,0,0,711,0,0,0,0,0
4,0,999983135,7,0,0,16117,0,0,0,738,0,0,0,0,0
3,0,999981571,7,0,0,17654,0,0,0,765,0,0,0,0,0
4,0,999979858,7,0,0,19338,0,0,0,793,0,0,0,0,0
2,0,999977987,6,0,0,21183,0,0,0,822,0,0,0,0,0
3,0,999975936,6,0,0,23203,0,0,0,851,0,0,0,0,0
4,0,999973692,6,0,0,25415,0,0,0,882,0,0,0,0,0
4,0,999971238,6,0,0,27840,0,0,0,913,0,0,0,0,0
4,0,999968551,6,0,0,30494,0,0,0,945,0,0,0,0,0
2,0,999965612,6,0,0,33401,0,0,0,980,0,0,0,0,0
2,0,999962391,5,0,0,36585,0,0,0,1016,0,0,0,0,0
3,0,999958867,5,0,0,40072,0,0,0,1053,0,0,0,0,0
4,0,999955006,6,0,0,43893,0,0,0,1090,0,0,0,0,0
3,0,999950786,6,0,0,48076,0,0,0,1129,0,0,0,0,0
2,0,999946164,6,0,0,52657,0,0,0,1170,0,0,0,0,0
2,0,999941105,6,0,0,57675,0,0,0,1212,0,0,0,0,0
4,0,999935560,7,0,0,63173,0,0,0,1256,0,0,0,0,0
4,0,999929496,7,0,0,69193,0,0,0,1300,0,0,0,0,0
3,0,999922860,5,0,0,75785,0,0,0,1346,0,0,0,0,0
3,0,999915591,5,0,0,83007,0,0,0,1393,0,0,0,0,0
5,0,999907629,7,0,0,90917,0,0,0,1444,0,0,0,0,0
4,0,999898911,9,0,0,99581,0,0,0,1495,0,0,0,0,0
4,0,999889370,8,0,0,109071,0,0,0,1547,0,0,0,0,0
4,0,999878923,7,0,0,119463,0,0,0,1602,0,0,0,0,0
3,0,999867487,7,0,0,130844,0,0,0,1658,0,0,0,0,0
4,0,999854965,6,0,0,143309,0,0,0,1715,0,0,0,0,0
3,0,999841251,7,0,0,156965,0,0,0,1775,0,0,0,0,0
2,0,999826235,6,0,0,171919,0,0,0,1837,0,0,0,0,0
4,0,999809792,6,0,0,188297,0,0,0,1900,0,0,0,0,0
5,0,999791785,6,0,0,206236,0,0,0,1967,0,0,0,0,0
3,0,999772071,5,0,0,225883,0,0,0,2037,0,0,0,0,0
3,0,999750484,5,0,0,247400,0,0,0,2107,0,0,0,0,0
3,0,999726844,6,0,0,270966,0,0,0,2180,0,0,0,0,0
3,0,999700958,6,0,0,296775,0,0,0,2258,0,0,0,0,0
3,0,999672615,5,0,0,325041,0,0,0,2336,0,0,0,0,0
3,0,999641578,5,0,0,355997,0,0,0,2416,0,0,0,0,0
4,0,999607588,7,0,0,389903,0,0,0,2499,0,0,0,0,0
4,0,999570368,6,0,0,427036,0,0,0,2585,0,0,0,0,0
4,0,999529612,8,0,0,467703,0,0,0,2675,0,0,0,0,0
2,0,999484980,7,0,0,512241,0,0,0,2769,0,0,0,0,0
4,0,999436108,7,0,0,561017,0,0,0,2864,0,0,0,0,0
4,0,999382594,5,0,0,614434,0,0,0,2961,0,0,0,0,0
3,0,999323994,6,0,0,672934,0,0,0,3063,0,0,0,0,0
3,0,999259823,6,0,0,737000,0,0,0,3167,0,0,0,0,0
3,0,999189554,8,0,0,807158,0,0,0,3277,0,0,0,0,0
4,0,999112610,7,0,0,883990,0,0,0,3389,0,0,0,0,0
3,0,999028356,9,0,0,968128,0,0,0,3506,0,0,0,0,0
1,0,998936100,8,0,0,1060265,0,0,0,3625,0,0,0,0,0
3,0,998835082,7,0,0,1161160,0,0,0,3747,0,0,0,0,0
4,0,998724471,7,0,0,1271645,0,0,0,3873,0,0,0,0,0
3,0,998603357,6,0,0,1392628,0,0,0,4005,0,0,0,0,0
3,0,998470748,5,0,0,1525103,0,0,0,4140,0,0,0,0,0
3,0,998325555,5,0,0,1670157,0,0,0,4281,0,0,0,0,0
3,0,998166583,6,0,0,1828983,0,0,0,4426,0,0,0,0,0
6,0,997992530,7,0,0,2002881,0,0,0,4577,0,0,0,0,0
4,0,997801979,7,0,0,2193278,0,0,0,4733,0,0,0,0,0
5,0,997593366,7,0,0,2401730,0,0,0,4893,0,0,0,0,0
3,0,997364992,8,0,0,2629941,0,0,0,5057,0,0,0,0,0
2,0,997114991,7,0,0,2879772,0,0,0,5227,0,0,0,0,0
2,0,996841327,7,0,0,3153262,0,0,0,5403,0,0,0,0,0
4,0,996541770,6,0,0,3452634,0,0,0,5586,0,0,0,0,0
3,0,996213895,7,0,0,3780320,0,0,0,5774,0,0,0,0,0
4,0,995855043,7,0,0,4138979,0,0,0,5967,0,0,0,0,0
4,0,995462310,7,0,0,4531511,0,0,0,6169,0,0,0,0,0
3,0,995032533,8,0,0,4961081,0,0,0,6376,0,0,0,0,0
4,0,994562246,7,0,0,5431153,0,0,0,6591,0,0,0,0,0
5,0,994047683,6,0,0,5945498,0,0,0,6809,0,0,0,0,0
5,0,993484719,5,0,0,6508234,0,0,0,7037,0,0,0,0,0
3,0,992868870,5,0,0,7123851,0,0,0,7272,0,0,0,0,0
4,0,992195234,4,0,0,7797243,0,0,0,7515,0,0,0,0,0
4,0,991458488,4,0,0,8533741,0,0,0,7765,0,0,0,0,0
3,0,990652823,5,0,0,9339148,0,0,0,8021,0,0,0,0,0
3,0,989771921,5,0,0,10219786,0,0,0,8285,0,0,0,0,0
4,0,988808909,5,0,0,11182527,0,0,0,8556,0,0,0,0,0
4,0,987756313,6,0,0,12234841,0,0,0,8836,0,0,0,0,0
3,0,986606026,6,0,0,13384840,0,0,0,9124,0,0,0,0,0
4,0,985349243,5,0,0,14641330,0,0,0,9419,0,0,0,0,0
3,0,983976413,5,0,0,16013855,0,0,0,9724,0,0,0,0,0
3,0,982477197,5,0,0,17512757,0,0,0,10036,0,0,0,0,0
2,0,980840407,7,0,0,19149226,0,0,0,10358,0,0,0,0,0
3,0,979053946,6,0,0,20935355,0,0,0,10689,0,0,0,0,0
2,0,977104764,7,0,0,22884197,0,0,0,11029,0,0,0,0,0
4,0,974978792,7,0,0,25009820,0,0,0,11377,0,0,0,0,0
3,0,972660896,7,0,0,27327361,0,0,0,11732,0,0,0,0,0
4,0,970134812,8,0,0,29853080,0,0,0,12096,0,0,0,0,0
3,0,967383109,6,0,0,32604413,0,0,0,12470,0,0,0,0,0
4,0,964387132,6,0,0,35600008,0,0,0,12850,0,0,0,0,0
5,0,961126977,5,0,0,38859776,0,0,0,13237,0,0,0,0,0
3,0,957581457,4,0,0,42404903,0,0,0,13632,0,0,0,0,0
3,0,953728075,5,0,0,46257881,0,0,0,14035,0,0,0,0,0
4,0,949543041,5,0,0,50442503,0,0,0,14445,0,0,0,0,0
4,0,945001276,5,0,0,54983855,0,0,0,14860,0,0,0,0,0
3,0,940076441,5,0,0,59908269,0,0,0,15282,0,0,0,0,0
3,0,934741016,5,0,0,65243269,0,0,0,15708,0,0,0,0,0
4,0,928966378,6,0,0,71017476,0,0,0,16136,0,0,0,0,0
3,0,922722950,6,0,0,77260473,0,0,0,16567,0,0,0,0,0
2,0,915980339,4,0,0,84002653,0,0,0,17001,0,0,0,0,0
3,0,908707566,5,0,0,91274991,1,0,0,17434,0,0,0,0,0
3,0,900873331,6,0,0,99108795,1,0,0,17865,0,0,0,0,0
3,0,892446314,7,0,0,107535380,2,0,0,18294,0,0,0,0,0
2,0,883395568,6,0,0,116585703,3,0,0,18717,0,0,0,0,0
3,0,873690925,7,0,0,126289927,3,0,0,19135,0,0,0,0,0
4,0,863303517,6,0,0,136676925,4,0,0,19544,0,0,0,0,0
4,0,852206310,6,0,0,147773732,4,0,0,19943,0,0,0,0,0
3,0,840374736,5,0,0,159604924,4,0,0,20327,0,0,0,0,0
3,0,827787328,4,0,0,172191962,6,0,0,20696,0,0,0,0,0
2,0,814426455,4,0,0,185552485,7,0,0,21047,0,0,0,0,0
5,0,800279031,5,0,0,199699576,8,0,0,21377,0,0,0,0,0
4,0,785337279,5,0,0,214641018,9,0,0,21684,0,0,0,0,0
2,0,769599454,8,0,0,230378560,10,0,0,21965,0,0,0,0,0
3,0,753070552,6,0,0,246907210,11,0,0,22215,0,0,0,1,0
1,0,735762944,5,0,0,264214602,13,0,0,22434,0,0,0,1,0
3,0,717696917,4,2,0,282280438,15,0,0,22618,0,0,0,2,0
2,0,698901131,4,1,0,301076075,16,0,0,22767,0,0,0,3,0
3,0,679412858,4,1,0,320564233,18,0,0,22876,0,0,0,5,0
2,0,659278105,4,0,0,340698916,21,0,0,22944,0,0,0,8,0
3,0,638551473,4,0,0,361425518,22,0,0,22969,0,0,0,10,0
3,0,617295858,4,0,0,382681146,25,0,0,22951,0,0,0,12,0
2,0,595581879,3,0,0,404395186,28,0,0,22887,0,0,0,15,0
2,0,573487081,3,1,0,426490085,30,0,0,22779,0,0,0,16,0
1,0,551094959,4,0,0,448882359,31,0,0,22624,0,0,0,19,0
2,0,528493744,3,0,0,471483770,34,0,0,22426,0,0,0,21,0
1,0,505775062,3,0,0,494202689,37,0,0,22183,0,0,0,23,0
2,0,483032467,2,1,0,516945565,40,0,0,21897,0,0,0,25,0
0,0,460359911,3,1,0,539618444,42,0,0,21570,0,0,0,28,0
0,0,437850190,2,2,0,562128526,44,0,0,21204,0,0,0,31,0
1,0,415593437,2,2,0,584385675,46,0,0,20803,0,0,0,34,0
1,0,393675718,2,3,0,606303822,48,0,0,20367,0,0,0,39,0
1,0,372177744,2,3,0,627802254,52,0,0,19902,0,0,0,43,0
1,0,351173767,2,2,0,648806717,54,0,0,19410,0,0,0,47,0
0,0,330730696,1,2,0,669250296,56,0,0,18894,0,0,0,52,0
1,0,310907409,0,2,0,689074113,59,0,0,18358,0,0,0,57,0
0,0,291754312,0,2,0,708227756,61,0,0,17807,0,0,0,63,0
0,0,273313120,0,3,0,726669503,63,0,0,17242,0,0,0,68,0
0,0,255616851,0,2,0,744366339,66,0,0,16667,0,0,0,73,0
0,0,238690003,1,2,0,761293761,67,0,0,16085,0,0,0,79,0
0,0,222548919,1,3,0,777435422,69,0,0,15501,0,0,0,83,0
0,0,207202267,1,3,0,792782651,73,0,0,14917,0,0,0,87,0
0,0,192651648,0,3,0,807333846,74,0,0,14335,0,0,0,93,0
0,0,178892257,0,4,0,821093803,76,0,0,13758,0,0,0,100,0
0,0,165913619,0,4,0,834073002,80,0,0,13189,0,0,0,106,0
0,0,153700320,0,4,0,846286850,83,0,0,12629,0,0,0,113,0
0,0,142232755,0,4,0,857754957,85,0,0,12079,0,0,0,120,0
0,0,131487848,0,5,0,868500391,87,0,0,11541,0,0,0,127,0
0,0,121439735,0,3,0,878549022,88,0,0,11016,0,0,0,134,0
0,0,112060406,0,3,0,887928854,90,0,0,10507,0,0,0,140,0
0,0,103320291,0,4,0,896669452,93,0,0,10013,0,0,0,147,0
0,0,95188777,0,4,0,904801436,95,0,0,9534,0,0,0,153,0
0,0,87634680,0,3,0,912355989,96,0,0,9073,0,0,0,159,0
0,0,80626649,0,4,0,919364456,97,0,0,8627,0,0,0,166,0
0,0,74133500,0,2,0,925858024,100,0,0,8198,0,0,0,175,0
0,0,68124520,0,3,0,931867406,101,0,0,7786,0,0,0,183,0
0,0,62569687,0,5,0,937422622,103,0,0,7391,0,0,0,191,0
0,0,57439871,0,2,0,942552809,104,0,0,7013,0,0,0,199,0
0,0,52706979,0,2,0,947286055,106,0,0,6651,0,0,0,207,0
0,0,48344062,0,3,0,951649308,105,0,0,6305,0,0,0,215,0
0,0,44325395,0,4,0,955668297,106,0,0,5975,0,0,0,223,0
0,0,40626524,0,4,0,959367472,107,0,0,5661,0,0,0,232,0
0,0,37224292,0,5,0,962769993,108,0,0,5361,0,0,0,240,0
0,0,34096851,0,4,0,965897711,109,0,0,5075,0,0,0,250,0
0,0,31223645,0,4,0,968771180,111,0,0,4803,0,0,0,259,0
0,0,28585384,0,4,0,971409687,112,0,0,4545,0,0,0,267,0
0,0,26164026,0,4,0,973831280,113,0,0,4299,0,0,0,276,0
0,0,23942716,0,4,0,976052815,113,0,0,4066,0,0,0,285,0
0,0,21905751,0,4,0,978089989,114,0,0,3845,0,0,0,296,0
0,0,20038526,0,4,0,979957416,115,0,0,3635,0,0,0,305,0
0,0,18327481,0,4,0,981668649,115,0,0,3436,0,0,0,315,0
0,0,16760037,0,5,0,983236271,116,0,0,3247,0,0,0,324,0
0,0,15324558,0,5,0,984671917,116,0,0,3068,0,0,0,334,0
0,0,14010273,0,4,0,985986364,116,0,0,2898,0,0,0,344,0
0,0,12807240,0,4,0,987189547,117,0,0,2738,0,0,0,354,0
0,0,11706282,0,4,0,988290646,117,0,0,2586,0,0,0,364,0
0,0,10698942,0,6,0,989298115,119,0,0,2442,0,0,0,375,0
0,0,9777429,0,4,0,990219755,120,0,0,2306,0,0,0,386,0
0,0,8934567,0,3,0,991062733,121,0,0,2178,0,0,0,398,0
0,0,8163766,0,5,0,991833643,122,0,0,2056,0,0,0,409,0
0,0,7458962,0,4,0,992538548,124,0,0,1941,0,0,0,421,0
0,0,6814587,0,4,0,993183016,126,0,0,1833,0,0,0,434,0
0,0,6225531,0,4,0,993772159,127,0,0,1731,0,0,0,446,0
0,0,5687103,0,4,0,994310673,127,0,0,1635,0,0,0,459,0
0,0,5194997,0,4,0,994802855,128,0,0,1544,0,0,0,472,0
0,0,4745272,0,4,0,995252655,128,0,0,1458,0,0,0,484,0
0,0,4334309,0,4,0,995663681,130,0,0,1376,0,0,0,499,0
0,0,3958796,0,4,0,996039255,132,0,0,1299,0,0,0,514,0
0,0,3615699,0,5,0,996382409,133,0,0,1227,0,0,0,529,0
0,0,3302237,0,6,0,996695922,134,0,0,1158,0,0,0,543,0
0,0,3015870,0,4,0,996982341,134,0,0,1093,0,0,0,558,0
0,0,2754268,0,4,0,997243987,135,0,0,1032,0,0,0,573,0
0,0,2515300,0,4,0,997482996,136,0,0,974,0,0,0,589,0
0,0,2297018,0,4,0,997701319,135,0,0,919,0,0,0,604,0
0,0,2097641,0,4,0,997900732,135,0,0,868,0,0,0,621,0
0,0,1915536,0,4,0,998082866,136,0,0,819,0,0,0,638,0
0,0,1749213,0,5,0,998249217,135,0,0,773,0,0,0,657,0
0,0,1597307,0,4,0,998401149,134,0,0,729,0,0,0,676,0
0,0,1458577,0,4,0,998539903,134,0,0,688,0,0,0,695,0
0,0,1331877,0,4,0,998666619,134,0,0,650,0,0,0,715,0
0,0,1216172,0,4,0,998782342,135,0,0,614,0,0,0,735,0
0,0,1110505,0,5,0,998888021,135,0,0,579,0,0,0,753,0
0,0,1014011,0,2,0,998984533,135,0,0,546,0,0,0,773,0
0,0,925893,0,2,0,999072661,135,0,0,515,0,0,0,795,0
0,0,845428,0,3,0,999153132,136,0,0,486,0,0,0,815,0
0,0,771950,0,4,0,999226615,135,0,0,459,0,0,0,837,0
0,0,704853,0,5,0,999293715,135,0,0,433,0,0,0,858,0
0,0,643584,0,4,0,999354988,134,0,0,409,0,0,0,882,0
0,0,587638,0,5,0,999410932,134,0,0,386,0,0,0,905,0
0,0,536553,0,6,0,999462013,134,0,0,364,0,0,0,931,0
0,0,489909,0,5,0,999508654,134,0,0,343,0,0,0,955,0
0,0,447318,0,4,0,999551240,135,0,0,323,0,0,0,980,0
0,0,408428,0,4,0,999590121,136,0,0,304,0,0,0,1005,0
0,0,372917,0,3,0,999625625,136,0,0,287,0,0,0,1032,0
0,0,340492,0,4,0,999658039,136,0,0,270,0,0,0,1058,0
0,0,310886,0,4,0,999687633,137,0,0,254,0,0,0,1085,0
0,0,283854,0,5,0,999714651,139,0,0,240,0,0,0,1112,0
0,0,259173,0,5,0,999739316,139,0,0,227,0,0,0,1140,0
0,0,236638,0,6,0,999761835,139,0,0,215,0,0,0,1169,0
0,0,216063,0,5,0,999782391,140,0,0,203,0,0,0,1199,0
0,0,197277,0,4,0,999801159,140,0,0,192,0,0,0,1229,0
0,0,180122,0,6,0,999818290,140,0,0,182,0,0,0,1260,0
0,0,164461,0,4,0,999833933,140,0,0,172,0,0,0,1291,0
0,0,150160,0,4,0,999848208,140,0,0,163,0,0,0,1325,0
0,0,137102,0,4,0,999861239,142,0,0,154,0,0,0,1359,0
0,0,125181,0,5,0,999873134,141,0,0,145,0,0,0,1393,0
0,0,114297,0,5,0,999883993,142,0,0,137,0,0,0,1428,0
0,0,104358,0,6,0,999893901,142,0,0,129,0,0,0,1464,0
0,0,95284,0,5,0,999902946,143,0,0,122,0,0,0,1501,0
0,0,86998,0,5,0,999911199,144,0,0,116,0,0,0,1540,0
0,0,79434,0,5,0,999918729,145,0,0,110,0,0,0,1578,0
0,0,72527,0,4,0,999925603,145,0,0,104,0,0,0,1617,0
0,0,66220,0,4,0,999931875,144,0,0,98,0,0,0,1659,0
0,0,60462,0,5,0,999937597,144,0,0,92,0,0,0,1701,0
0,0,55205,0,3,0,999942818,145,0,0,87,0,0,0,1742,0
0,0,50405,0,4,0,999947578,145,0,0,82,0,0,0,1785,0
0,0,46025,0,3,0,999951921,145,0,0,77,0,0,0,1828,0
0,0,42024,0,4,0,999955883,145,0,0,72,0,0,0,1872,0
0,0,38372,0,3,0,999959493,145,0,0,68,0,0,0,1918,0
0,0,35037,0,3,0,999962786,145,0,0,64,0,0,0,1965,0
0,0,31992,0,3,0,999965784,146,0,0,60,0,0,0,2013,0
0,0,29211,0,3,0,999968520,146,0,0,57,0,0,0,2063,0
0,0,26674,0,3,0,999971008,147,0,0,53,0,0,0,2114,0
0,0,24358,0,3,0,999973275,148,0,0,50,0,0,0,2166,0
0,0,22241,0,5,0,999975340,149,0,0,47,0,0,0,2219,0
0,0,20308,0,4,0,999977223,148,0,0,44,0,0,0,2272,0
0,0,18545,0,4,0,999978935,148,0,0,42,0,0,0,2326,0
0,0,16934,0,5,0,999980490,148,0,0,39,0,0,0,2383,0
0,0,15464,0,3,0,999981907,148,0,0,37,0,0,0,2442,0
0,0,14121,0,4,0,999983192,146,0,0,35,0,0,0,2501,0
0,0,12896,0,4,0,999984360,146,0,0,33,0,0,0,2561,0
0,0,11778,0,3,0,999985419,146,0,0,31,0,0,0,2622,0
0,0,10756,0,2,0,999986381,145,0,0,29,0,0,0,2686,0
0,0,9823,0,4,0,999987251,143,0,0,27,0,0,0,2750,0
0,0,8971,0,3,0,999988042,143,0,0,26,0,0,0,2816,0
0,0,8193,0,3,0,999988751,145,0,0,25,0,0,0,2884,0
0,0,7481,0,3,0,999989393,145,0,0,24,0,0,0,2953,0
0,0,6832,0,4,0,999989971,144,0,0,23,0,0,0,3024,0
0,0,6240,0,4,0,999990493,145,0,0,22,0,0,0,3098,0
0,0,5700,0,3,0,999990959,144,0,0,20,0,0,0,3173,0
0,0,5207,0,2,0,999991378,146,0,0,19,0,0,0,3249,0
0,0,4757,0,3,0,999991749,146,0,0,18,0,0,0,3327,0
0,0,4345,0,3,0,999992083,146,0,0,17,0,0,0,3406,0
0,0,3971,0,3,0,999992376,146,0,0,16,0,0,0,3488,0
0,0,3627,0,3,0,999992637,145,0,0,15,0,0,0,3571,0
0,0,3314,0,4,0,999992864,145,0,0,14,0,0,0,3658,0
0,0,3029,0,4,0,999993064,146,0,0,13,0,0,0,3744,0
0,0,2769,0,5,0,999993235,147,0,0,12,0,0,0,3834,0
0,0,2531,0,3,0,999993382,147,0,0,12,0,0,0,3926,0
0,0,2315,0,3,0,999993505,146,0,0,11,0,0,0,4020,0
0,0,2116,0,5,0,999993607,147,0,0,10,0,0,0,4116,0
0,0,1934,0,4,0,999993686,150,0,0,10,0,0,0,4215,0
0,0,1770,0,4,0,999993749,152,0,0,10,0,0,0,4316,0
0,0,1617,0,3,0,999993798,152,0,0,10,0,0,0,4420,0
0,0,1479,0,3,0,999993829,155,0,0,10,0,0,0,4526,0
0,0,1354,0,4,0,999993844,156,0,0,9,0,0,0,4633,0
0,0,1238,0,4,0,999993851,155,0,0,9,0,0,0,4743,0
0,0,1132,0,2,0,999993846,154,0,0,9,0,0,0,4856,0
0,0,1037,0,3,0,999993824,156,0,0,8,0,0,0,4970,0
0,0,948,0,4,0,999993796,156,0,0,7,0,0,0,5088,0
0,0,869,0,4,0,999993755,157,0,0,6,0,0,0,5209,0
0,0,796,0,3,0,999993705,156,0,0,5,0,0,0,5333,0
0,0,729,0,3,0,999993648,155,0,0,5,0,0,0,5459,0
0,0,668,0,3,0,999993578,155,0,0,5,0,0,0,5589,0
0,0,611,0,4,0,999993503,153,0,0,5,0,0,0,5722,0
0,0,560,0,3,0,999993421,153,0,0,5,0,0,0,5857,0
0,0,513,0,5,0,999993327,153,0,0,4,0,0,0,5997,0
0,0,470,0,4,0,999993230,153,0,0,4,0,0,0,6138,0
0,0,431,0,4,0,999993125,154,0,0,4,0,0,0,6283,0
0,0,395,0,4,0,999993013,154,0,0,4,0,0,0,6430,0
0,0,363,0,4,0,999992893,154,0,0,4,0,0,0,6582,0
0,0,334,0,5,0,999992766,154,0,0,4,0,0,0,6737,0
0,0,309,0,4,0,999992633,154,0,0,3,0,0,0,6896,0
0,0,284,0,3,0,999992498,153,0,0,3,0,0,0,7059,0
0,0,262,0,5,0,999992352,152,0,0,3,0,0,0,7226,0
0,0,242,0,4,0,999992203,151,0,0,3,0,0,0,7397,0
0,0,224,0,4,0,999992046,151,0,0,2,0,0,0,7572,0
0,0,207,0,5,0,999991885,150,0,0,3,0,0,0,7750,0
0,0,192,0,5,0,999991717,149,0,0,3,0,0,0,7934,0
0,0,177,0,6,0,999991545,149,0,0,3,0,0,0,8120,0
0,0,164,0,4,0,999991367,150,0,0,3,0,0,0,8313,0
0,0,152,0,5,0,999991181,150,0,0,2,0,0,0,8510,0
0,0,142,0,4,0,999990991,151,0,0,2,0,0,0,8709,0
0,0,132,0,3,0,999990798,151,0,0,2,0,0,0,8914,0
0,0,123,0,3,0,999990597,151,0,0,2,0,0,0,9124,0
0,0,116,0,5,0,999990390,150,0,0,2,0,0,0,9338,0
0,0,108,0,4,0,999990178,149,0,0,1,0,0,0,9558,0
0,0,101,0,5,0,999989960,149,0,0,0,0,0,0,9783,0
0,0,95,0,3,0,999989737,149,0,0,0,0,0,0,10013,0
0,0,89,0,2,0,999989511,150,0,0,0,0,0,0,10248,0
0,0,83,0,3,0,999989272,151,0,0,0,0,0,0,10489,0
0,0,79,0,5,0,999989028,151,0,0,0,0,0,0,10738,0
0,0,76,0,5,0,999988779,151,0,0,0,0,0,0,10990,0
0,0,71,0,4,0,999988523,151,0,0,0,0,0,0,11250,0
0,0,67,0,5,0,999988263,151,0,0,0,0,0,0,11515,0
0,0,62,0,4,0,999987996,151,0,0,0,0,0,0,11786,0
0,0,58,0,4,0,999987724,152,0,0,0,0,0,0,12063,0
0,0,56,0,4,0,999987441,153,0,0,0,0,0,0,12347,0
0,0,53,0,5,0,999987153,152,0,0,0,0,0,0,12636,0
0,0,51,0,4,0,999986860,152,0,0,0,0,0,0,12934,0
0,0,50,0,6,0,999986557,151,0,0,0,0,0,0,13235,0
0,0,47,0,4,0,999986254,150,0,0,0,0,0,0,13545,0
0,0,45,0,4,0,999985939,149,0,0,0,0,0,0,13862,0
0,0,44,0,3,0,999985617,149,0,0,0,0,0,0,14187,0
0,0,43,0,4,0,999985285,148,0,0,0,0,0,0,14520,0
0,0,42,0,4,0,999984947,147,0,0,0,0,0,0,14860,0
0,0,41,0,4,0,999984600,146,0,0,0,0,0,0,15209,0
0,0,40,0,3,0,999984243,148,0,0,0,0,0,0,15566,0
0,0,39,0,4,0,999983877,148,0,0,0,0,0,0,15931,0
0,0,37,0,3,0,999983509,147,0,0,0,0,0,0,16304,0
0,0,36,0,5,0,999983127,146,0,0,0,0,0,0,16686,0
0,0,34,0,4,0,999982737,147,0,0,0,0,0,0,17077,0
0,0,33,0,4,0,999982340,146,0,0,0,0,0,0,17477,0
0,0,32,0,4,0,999981932,146,0,0,0,0,0,0,17885,0
0,0,32,0,3,0,999981517,145,0,0,0,0,0,0,18302,0
0,0,32,0,3,0,999981089,146,0,0,0,0,0,0,18731,0
0,0,32,0,4,0,999980649,147,0,0,0,0,0,0,19170,0
0,0,32,0,3,0,999980199,147,0,0,0,0,0,0,19619,0
0,0,31,0,3,0,999979742,146,0,0,0,0,0,0,20078,0
0,0,30,0,3,0,999979274,146,0,0,0,0,0,0,20547,0
0,0,30,0,2,0,999978793,147,0,0,0,0,0,0,21029,0
0,0,31,0,3,0,999978298,146,0,0,0,0,0,0,21522,0
0,0,29,0,3,0,999977795,146,0,0,0,0,0,0,22026,0
0,0,29,0,4,0,999977282,146,0,0,0,0,0,0,22540,0
0,0,29,0,4,0,999976755,145,0,0,0,0,0,0,23066,0
0,0,29,0,4,0,999976217,145,0,0,0,0,0,0,23604,0
0,0,29,0,4,0,999975666,145,0,0,0,0,0,0,24156,0
0,0,28,0,5,0,999975100,146,0,0,0,0,0,0,24721,0
0,0,28,0,4,0,999974523,146,0,0,0,0,0,0,25298,0
0,0,29,0,4,0,999973931,146,0,0,0,0,0,0,25889,0
0,0,29,0,4,0,999973327,146,0,0,0,0,0,0,26494,0
0,0,27,0,4,0,999972709,146,0,0,0,0,0,0,27112,0
0,0,27,0,4,0,999972079,145,0,0,0,0,0,0,27744,0
0,0,26,0,4,0,999971435,144,0,0,0,0,0,0,28390,0
0,0,25,0,3,0,999970776,143,0,0,0,0,0,0,29054,0
0,0,25,0,4,0,999970095,143,0,0,0,0,0,0,29732,0
0,0,27,0,4,0,999969396,145,0,0,0,0,0,0,30427,0
0,0,28,0,4,0,999968687,144,0,0,0,0,0,0,31137,0
0,0,28,0,4,0,999967961,143,0,0,0,0,0,0,31863,0
0,0,27,0,3,0,999967221,142,0,0,0,0,0,0,32606,0
0,0,27,0,3,0,999966460,142,0,0,0,0,0,0,33368,0
0,0,28,0,4,0,999965679,142,0,0,0,0,0,0,34146,0
0,0,30,0,3,0,999964882,142,0,0,0,0,0,0,34943,0
0,0,30,0,3,0,999964069,141,0,0,0,0,0,0,35757,0
0,0,29,0,6,0,999963232,140,0,0,0,0,0,0,36593,0
0,0,29,0,6,0,999962378,141,0,0,0,0,0,0,37446,0
0,0,28,0,4,0,999961507,141,0,0,0,0,0,0,38320,0
0,0,30,0,3,0,999960611,141,0,0,0,0,0,0,39214,0
0,0,30,0,4,0,999959697,140,0,0,0,0,0,0,40129,0
0,0,32,0,4,0,999958760,140,0,0,0,0,0,0,41064,0
0,0,31,0,4,0,999957803,140,0,0,0,0,0,0,42022,0
0,0,31,0,4,0,999956822,140,0,0,0,0,0,0,43004,0
0,0,31,0,4,0,999955819,141,0,0,0,0,0,0,44007,0
0,0,31,0,3,0,999954792,140,0,0,0,0,0,0,45033,0
0,0,31,0,4,0,999953742,141,0,0,0,0,0,0,46082,0
0,0,30,0,4,0,999952668,140,0,0,0,0,0,0,47158,0
0,0,28,0,4,0,999951569,140,0,0,0,0,0,0,48259,0
0,0,28,0,5,0,999950443,140,0,0,0,0,0,0,49383,0
0,0,27,0,5,0,999949293,139,0,0,0,0,0,0,50535,0
0,0,28,0,4,0,999948116,139,0,0,0,0,0,0,51712,0
0,0,28,0,4,0,999946913,138,0,0,0,0,0,0,52916,0
0,0,27,0,6,0,999945678,138,0,0,0,0,0,0,54150,0
0,0,28,0,4,0,999944419,137,0,0,0,0,0,0,55412,0
0,0,27,0,4,0,999943129,137,0,0,0,0,0,0,56704,0
0,0,28,0,4,0,999941807,136,0,0,0,0,0,0,58025,0
0,0,27,0,4,0,999940454,136,0,0,0,0,0,0,59377,0
0,0,28,0,3,0,999939072,136,0,0,0,0,0,0,60762,0
0,0,28,0,3,0,999937653,137,0,0,0,0,0,0,62179,0
0,0,27,0,5,0,999936204,136,0,0,0,0,0,0,63627,0
0,0,29,0,3,0,999934723,137,0,0,0,0,0,0,65109,0
0,0,29,0,3,0,999933205,137,0,0,0,0,0,0,66626,0
0,0,28,0,2,0,999931654,137,0,0,0,0,0,0,68179,0
0,0,28,0,4,0,999930064,138,0,0,0,0,0,0,69768,0
0,0,29,0,5,0,999928431,139,0,0,0,0,0,0,71395,0
0,0,29,0,6,0,999926768,139,0,0,0,0,0,0,73058,0
0,0,29,0,5,0,999925065,140,0,0,0,0,0,0,74761,0
0,0,28,0,5,0,999923325,140,0,0,0,0,0,0,76502,0
0,0,27,0,4,0,999921545,140,0,0,0,0,0,0,78285,0
0,0,27,0,3,0,999919721,139,0,0,0,0,0,0,80110,0
0,0,27,0,4,0,999917853,140,0,0,0,0,0,0,81977,0
0,0,28,0,4,0,999915939,142,0,0,0,0,0,0,83887,0
0,0,28,0,4,0,999913984,143,0,0,0,0,0,0,85842,0
0,0,29,0,4,0,999911986,142,0,0,0,0,0,0,87841,0
0,0,29,0,4,0,999909939,142,0,0,0,0,0,0,89887,0
0,0,30,0,4,0,999907845,142,0,0,0,0,0,0,91981,0
0,0,28,0,4,0,999905703,143,0,0,0,0,0,0,94122,0
0,0,29,0,2,0,999903513,143,0,0,0,0,0,0,96314,0
0,0,30,0,4,0,999901266,143,0,0,0,0,0,0,98557,0
0,0,31,0,3,0,999898970,144,0,0,0,0,0,0,100853,0
0,0,30,0,4,0,999896619,145,0,0,0,0,0,0,103202,0
0,0,30,0,4,0,999894215,145,0,0,0,0,0,0,105606,0
0,0,30,0,5,0,999891754,145,0,0,0,0,0,0,108064,0
0,0,30,0,5,0,999889240,146,0,0,0,0,0,0,110579,0
0,0,31,0,4,0,999886665,146,0,0,0,0,0,0,113154,0
0,0,30,0,5,0,999884031,146,0,0,0,0,0,0,115788,0
0,0,29,0,3,0,999881336,147,0,0,0,0,0,0,118485,0
0,0,29,0,4,0,999878576,148,0,0,0,0,0,0,121243,0
0,0,27,0,5,0,999875753,149,0,0,0,0,0,0,124066,0
0,0,28,0,3,0,999872868,148,0,0,0,0,0,0,126954,0
0,0,28,0,4,0,999869910,148,0,0,0,0,0,0,129909,0
0,0,28,0,3,0,999866887,149,0,0,0,0,0,0,132934,0
0,0,28,0,4,0,999863789,150,0,0,0,0,0,0,136030,0
0,0,28,0,3,0,999860621,149,0,0,0,0,0,0,139198,0
0,0,28,0,3,0,999857381,149,0,0,0,0,0,0,142438,0
0,0,28,0,5,0,999854064,149,0,0,0,0,0,0,145754,0
0,0,27,0,6,0,999850670,151,0,0,0,0,0,0,149146,0
0,0,26,0,4,0,999847201,150,0,0,0,0,0,0,152617,0
0,0,28,0,3,0,999843649,151,0,0,0,0,0,0,156170,0
0,0,27,0,3,0,999840015,151,0,0,0,0,0,0,159804,0
0,0,28,0,5,0,999836292,151,0,0,0,0,0,0,163523,0
0,0,30,0,4,0,999832488,150,0,0,0,0,0,0,167328,0
0,0,29,0,3,0,999828595,150,0,0,0,0,0,0,171221,0
0,0,29,0,3,0,999824614,149,0,0,0,0,0,0,175205,0
0,0,31,0,3,0,999820532,150,0,0,0,0,0,0,179283,0
0,0,32,0,4,0,999816359,150,0,0,0,0,0,0,183456,0
0,0,32,0,3,0,999812088,151,0,0,0,0,0,0,187725,0
0,0,32,0,3,0,999807720,151,0,0,0,0,0,0,192095,0
0,0,32,0,3,0,999803245,152,0,0,0,0,0,0,196566,0
0,0,30,0,3,0,999798673,151,0,0,0,0,0,0,201141,0
0,0,30,0,3,0,999793994,151,0,0,0,0,0,0,205821,0
0,0,30,0,4,0,999789203,151,0,0,0,0,0,0,210611,0
0,0,30,0,2,0,999784305,151,0,0,0,0,0,0,215512,0
0,0,29,0,4,0,999779288,151,0,0,0,0,0,0,220528,0
0,0,30,0,4,0,999774154,151,0,0,0,0,0,0,225661,0
0,0,30,0,4,0,999768904,151,0,0,0,0,0,0,230912,0
0,0,29,0,3,0,999763531,150,0,0,0,0,0,0,236286,0
0,0,29,0,3,0,999758034,150,0,0,0,0,0,0,241785,0
0,0,29,0,3,0,999752406,150,0,0,0,0,0,0,247411,0
0,0,30,0,4,0,999746648,150,0,0,0,0,0,0,253169,0
0,0,30,0,4,0,999740754,150,0,0,0,0,0,0,259061,0
0,0,31,0,3,0,999734725,152,0,0,0,0,0,0,265089,0
0,0,30,0,3,0,999728558,152,0,0,0,0,0,0,271257,0
0,0,29,0,4,0,999722246,152,0,0,0,0,0,0,277569,0
0,0,30,0,5,0,999715786,153,0,0,0,0,0,0,284027,0
0,0,30,0,5,0,999709178,152,0,0,0,0,0,0,290637,0
0,0,29,0,5,0,999702416,151,0,0,0,0,0,0,297400,0
0,0,30,0,4,0,999695494,153,0,0,0,0,0,0,304319,0
0,0,30,0,6,0,999688412,153,0,0,0,0,0,0,311398,0
0,0,31,0,5,0,999681169,152,0,0,0,0,0,0,318643,0
0,0,30,0,3,0,999673757,152,0,0,0,0,0,0,326057,0
0,0,30,0,4,0,999666171,152,0,0,0,0,0,0,333644,0
0,0,31,0,5,0,999658402,153,0,0,0,0,0,0,341410,0
0,0,31,0,6,0,999650457,153,0,0,0,0,0,0,349353,0
0,0,31,0,4,0,999642331,153,0,0,0,0,0,0,357480,0
0,0,33,0,4,0,999634015,152,0,0,0,0,0,0,365797,0
0,0,33,0,4,0,999625504,151,0,0,0,0,0,0,374308,0
0,0,33,0,4,0,999616795,152,0,0,0,0,0,0,383015,0
0,0,33,0,5,0,999607885,152,0,0,0,0,0,0,391925,0
0,0,33,0,4,0,999598770,152,0,0,0,0,0,0,401041,0
0,0,33,0,5,0,999589439,153,0,0,0,0,0,0,410370,0
0,0,33,0,5,0,999579892,154,0,0,0,0,0,0,419917,0
0,0,33,0,5,0,999570121,156,0,0,0,0,0,0,429685,0
0,0,31,0,4,0,999560127,156,0,0,0,0,0,0,439681,0
0,0,32,0,6,0,999549898,156,0,0,0,0,0,0,449908,0
0,0,32,0,5,0,999539434,156,0,0,0,0,0,0,460375,0
0,0,31,0,4,0,999528725,156,0,0,0,0,0,0,471084,0
0,0,30,0,4,0,999517768,156,0,0,0,0,0,0,482041,0
0,0,29,0,5,0,999506556,156,0,0,0,0,0,0,493254,0
0,0,28,0,4,0,999495085,156,0,0,0,0,0,0,504728,0
0,0,30,0,4,0,999483343,155,0,0,0,0,0,0,516468,0
0,0,31,0,4,0,999471329,155,0,0,0,0,0,0,528481,0
0,0,31,0,5,0,999459036,155,0,0,0,0,0,0,540774,0
0,0,30,0,3,0,999446459,155,0,0,0,0,0,0,553352,0
0,0,30,0,4,0,999433591,154,0,0,0,0,0,0,566221,0
0,0,30,0,4,0,999420421,154,0,0,0,0,0,0,579391,0
0,0,29,0,4,0,999406946,153,0,0,0,0,0,0,592867,0
0,0,28,0,5,0,999393158,154,0,0,0,0,0,0,606655,0
0,0,29,0,5,0,999379050,154,0,0,0,0,0,0,620762,0
0,0,29,0,6,0,999364612,156,0,0,0,0,0,0,635198,0
0,0,29,0,5,0,999349840,156,0,0,0,0,0,0,649970,0
0,0,30,0,3,0,999334726,156,0,0,0,0,0,0,665085,0
0,0,29,0,4,0,999319259,156,0,0,0,0,0,0,680551,0
0,0,29,0,4,0,999303435,156,0,0,0,0,0,0,696376,0
0,0,29,0,5,0,999287242,154,0,0,0,0,0,0,712569,0
0,0,29,0,3,0,999270676,155,0,0,0,0,0,0,729138,0
0,0,29,0,4,0,999253719,156,0,0,0,0,0,0,746092,0
0,0,31,0,3,0,999236371,155,0,0,0,0,0,0,763441,0
0,0,32,0,4,0,999218615,155,0,0,0,0,0,0,781193,0
0,0,32,0,3,0,999200452,155,0,0,0,0,0,0,799358,0
0,0,32,0,3,0,999181866,154,0,0,0,0,0,0,817944,0
0,0,31,0,3,0,999162851,153,0,0,0,0,0,0,836961,0
0,0,32,0,4,0,999143391,154,0,0,0,0,0,0,856420,0
0,0,31,0,6,0,999123479,154,0,0,0,0,0,0,876331,0
0,0,31,0,6,0,999103107,153,0,0,0,0,0,0,896704,0
0,0,32,0,4,0,999082260,153,0,0,0,0,0,0,917551,0
0,0,32,0,4,0,999060929,154,0,0,0,0,0,0,938882,0
0,0,31,0,5,0,999039102,156,0,0,0,0,0,0,960708,0
0,0,30,0,6,0,999016767,155,0,0,0,0,0,0,983041,0
0,0,28,0,4,0,998993920,155,0,0,0,0,0,0,1005893,0
0,0,29,0,4,0,998970536,156,0,0,0,0,0,0,1029275,0
0,0,29,0,3,0,998946612,155,0,0,0,0,0,0,1053200,0
0,0,29,0,4,0,998922130,155,0,0,0,0,0,0,1077682,0
0,0,29,0,3,0,998897083,155,0,0,0,0,0,0,1102730,0
0,0,27,0,3,0,998871454,154,0,0,0,0,0,0,1128361,0
0,0,26,0,3,0,998845230,154,0,0,0,0,0,0,1154587,0
0,0,26,0,4,0,998818395,155,0,0,0,0,0,0,1181420,0
0,0,27,0,3,0,998790940,156,0,0,0,0,0,0,1208876,0
0,0,27,0,2,0,998762843,156,0,0,0,0,0,0,1236970,0
0,0,26,0,2,0,998734100,156,0,0,0,0,0,0,1265716,0
0,0,24,0,3,0,998704685,158,0,0,0,0,0,0,1295129,0
0,0,25,0,5,0,998674587,157,0,0,0,0,0,0,1325225,0
0,0,25,0,5,0,998643792,157,0,0,0,0,0,0,1356021,0
0,0,26,0,5,0,998612281,159,0,0,0,0,0,0,1387529,0
0,0,25,0,6,0,998580041,159,0,0,0,0,0,0,1419768,0
0,0,26,0,4,0,998547056,160,0,0,0,0,0,0,1452755,0
0,0,27,0,5,0,998513301,161,0,0,0,0,0,0,1486506,0
0,0,27,0,6,0,998478763,161,0,0,0,0,0,0,1521043,0
0,0,28,0,5,0,998443428,160,0,0,0,0,0,0,1556379,0
0,0,29,0,5,0,998407271,160,0,0,0,0,0,0,1592536,0
0,0,30,0,4,0,998370274,160,0,0,0,0,0,0,1629532,0
0,0,31,0,4,0,998332420,161,0,0,0,0,0,0,1667385,0
0,0,32,0,5,0,998293687,161,0,0,0,0,0,0,1706116,0
0,0,31,0,4,0,998254061,159,0,0,0,0,0,0,1745744,0
0,0,30,0,4,0,998213516,159,0,0,0,0,0,0,1786290,0
0,0,29,0,2,0,998172032,159,0,0,0,0,0,0,1827779,0
0,0,30,0,2,0,998129582,159,0,0,0,0,0,0,1870228,0
0,0,29,0,3,0,998086148,159,0,0,0,0,0,0,1913661,0
0,0,29,0,3,0,998041710,158,0,0,0,0,0,0,1958100,0
0,0,30,0,3,0,997996239,158,0,0,0,0,0,0,2003570,0
0,0,29,0,2,0,997949718,158,0,0,0,0,0,0,2050093,0
0,0,28,0,3,0,997902117,159,0,0,0,0,0,0,2097693,0
0,0,29,0,4,0,997853410,160,0,0,0,0,0,0,2146397,0
0,0,30,0,5,0,997803577,160,0,0,0,0,0,0,2196229,0
0,0,29,0,3,0,997752594,159,0,0,0,0,0,0,2247215,0
0,0,28,0,3,0,997700425,161,0,0,0,0,0,0,2299383,0
0,0,28,0,3,0,997647051,161,0,0,0,0,0,0,2352757,0
0,0,28,0,5,0,997592439,161,0,0,0,0,0,0,2407368,0
0,0,28,0,5,0,997536561,161,0,0,0,0,0,0,2463245,0
0,0,28,0,3,0,997479392,163,0,0,0,0,0,0,2520415,0
0,0,29,0,3,0,997420899,162,0,0,0,0,0,0,2578906,0
0,0,29,0,4,0,997361053,161,0,0,0,0,0,0,2638752,0
0,0,29,0,4,0,997299823,161,0,0,0,0,0,0,2699983,0
0,0,29,0,4,0,997237176,160,0,0,0,0,0,0,2762631,0
0,0,30,0,3,0,997173078,160,0,0,0,0,0,0,2826728,0
0,0,30,0,3,0,997107497,161,0,0,0,0,0,0,2892309,0
0,0,30,0,4,0,997040400,161,0,0,0,0,0,0,2959405,0
0,0,31,0,4,0,996971750,160,0,0,0,0,0,0,3028055,0
0,0,31,0,3,0,996901514,161,0,0,0,0,0,0,3098291,0
0,0,31,0,4,0,996829653,160,0,0,0,0,0,0,3170152,0
0,0,32,0,3,0,996756129,163,0,0,0,0,0,0,3243673,0
0,0,32,0,3,0,996680908,163,0,0,0,0,0,0,3318893,0
0,0,30,0,3,0,996603951,162,0,0,0,0,0,0,3395852,0
0,0,29,0,4,0,996525217,161,0,0,0,0,0,0,3474589,0
0,0,29,0,4,0,996444660,162,0,0,0,0,0,0,3555145,0
0,0,28,0,4,0,996362245,161,0,0,0,0,0,0,3637562,0
0,0,29,0,4,0,996277922,161,0,0,0,0,0,0,3721884,0
0,0,30,0,3,0,996191654,161,0,0,0,0,0,0,3808151,0
0,0,30,0,3,0,996103394,164,0,0,0,0,0,0,3896409,0
0,0,30,0,4,0,996013098,163,0,0,0,0,0,0,3986705,0
0,0,29,0,4,0,995920717,163,0,0,0,0,0,0,4079087,0
0,0,28,0,4,0,995826205,164,0,0,0,0,0,0,4173598,0
0,0,29,0,3,0,995729508,166,0,0,0,0,0,0,4270292,0
0,0,29,0,4,0,995630586,166,0,0,0,0,0,0,4369215,0
0,0,29,0,3,0,995529380,166,0,0,0,0,0,0,4470421,0
0,0,30,0,5,0,995425841,165,0,0,0,0,0,0,4573959,0
0,0,29,0,4,0,995319917,166,0,0,0,0,0,0,4679884,0
0,0,30,0,3,0,995211551,165,0,0,0,0,0,0,4788250,0
0,0,29,0,6,0,995100687,166,0,0,0,0,0,0,4899113,0
0,0,29,0,7,0,994987269,166,0,0,0,0,0,0,5012529,0
0,0,28,0,4,0,994871246,164,0,0,0,0,0,0,5128558,0
0,0,28,0,5,0,994752546,164,0,0,0,0,0,0,5247257,0
0,0,29,0,5,0,994631113,164,0,0,0,0,0,0,5368690,0
0,0,29,0,4,0,994506888,163,0,0,0,0,0,0,5492917,0
0,0,29,0,5,0,994379799,165,0,0,0,0,0,0,5620002,0
0,0,30,0,4,0,994249789,165,0,0,0,0,0,0,5750010,0
0,0,30,0,4,0,994116793,165,0,0,0,0,0,0,5883008,0
0,0,29,0,5,0,993980739,165,0,0,0,0,0,0,6019063,0
0,0,30,0,6,0,993841553,164,0,0,0,0,0,0,6158247,0
0,0,29,0,5,0,993699173,165,0,0,0,0,0,0,6300627,0
0,0,29,0,4,0,993553522,166,0,0,0,0,0,0,6446279,0
0,0,28,0,4,0,993404528,165,0,0,0,0,0,0,6595275,0
0,0,28,0,4,0,993252111,164,0,0,0,0,0,0,6747692,0
0,0,28,0,3,0,993096198,164,0,0,0,0,0,0,6903606,0
0,0,27,0,2,0,992936709,164,0,0,0,0,0,0,7063098,0
0,0,27,0,3,0,992773558,163,0,0,0,0,0,0,7226248,0
0,0,28,0,5,0,992606664,165,0,0,0,0,0,0,7393138,0
0,0,28,0,4,0,992435950,164,0,0,0,0,0,0,7563853,0
0,0,28,0,5,0,992261326,163,0,0,0,0,0,0,7738479,0
0,0,29,0,3,0,992082704,162,0,0,0,0,0,0,7917102,0
0,0,29,0,4,0,991899989,161,0,0,0,0,0,0,8099815,0
0,0,29,0,4,0,991713096,161,0,0,0,0,0,0,8286711,0
0,0,30,0,5,0,991521923,161,0,0,0,0,0,0,8477881,0
0,0,32,0,3,0,991326383,159,0,0,0,0,0,0,8673423,0
0,0,32,0,5,0,991126367,159,0,0,0,0,0,0,8873436,0
0,0,31,0,4,0,990921788,158,0,0,0,0,0,0,9078019,0
0,0,31,0,3,0,990712535,157,0,0,0,0,0,0,9287273,0
0,0,29,0,3,0,990498506,157,0,0,0,0,0,0,9501306,0
0,0,29,0,3,0,990279588,158,0,0,0,0,0,0,9720223,0
0,0,28,0,2,0,990055679,157,0,0,0,0,0,0,9944134,0
0,0,28,0,4,0,989826665,157,0,0,0,0,0,0,10173146,0
0,0,27,0,3,0,989592432,157,0,0,0,0,0,0,10407380,0
0,0,27,0,3,0,989352867,156,0,0,0,0,0,0,10646947,0
0,0,27,0,3,0,989107842,157,0,0,0,0,0,0,10891970,0
0,0,26,0,4,0,988857246,156,0,0,0,0,0,0,11142567,0
0,0,25,0,3,0,988600952,155,0,0,0,0,0,0,11398863,0
0,0,26,0,3,0,988338829,156,0,0,0,0,0,0,11660986,0
0,0,27,0,4,0,988070750,156,0,0,0,0,0,0,11929063,0
0,0,26,0,4,0,987796587,155,0,0,0,0,0,0,12203227,0
0,0,25,0,4,0,987516201,155,0,0,0,0,0,0,12483613,0
0,0,26,0,3,0,987229459,155,0,0,0,0,0,0,12770357,0
0,0,26,0,4,0,986936216,155,0,0,0,0,0,0,13063599,0
0,0,27,0,4,0,986636329,155,0,0,0,0,0,0,13363485,0
0,0,29,0,4,0,986329653,154,0,0,0,0,0,0,13670159,0
0,0,28,0,5,0,986016041,155,0,0,0,0,0,0,13983772,0
0,0,28,0,5,0,985695337,155,0,0,0,0,0,0,14304474,0
0,0,29,0,6,0,985367389,155,0,0,0,0,0,0,14632422,0
0,0,28,0,5,0,985032037,155,0,0,0,0,0,0,14967774,0
0,0,29,0,5,0,984689118,155,0,0,0,0,0,0,15310694,0
0,0,29,0,4,0,984338469,155,0,0,0,0,0,0,15661344,0
0,0,30,0,2,0,983979918,155,0,0,0,0,0,0,16019894,0
0,0,29,0,2,0,983613297,155,0,0,0,0,0,0,16386517,0
0,0,29,0,1,0,983238427,156,0,0,0,0,0,0,16761387,0
0,0,29,0,4,0,982855129,155,0,0,0,0,0,0,17144682,0
0,0,29,0,4,0,982463226,154,0,0,0,0,0,0,17536586,0
0,0,28,0,4,0,982062529,155,0,0,0,0,0,0,17937284,0
0,0,28,0,3,0,981652846,154,0,0,0,0,0,0,18346969,0
0,0,27,0,2,0,981233985,153,0,0,0,0,0,0,18765832,0
0,0,26,0,3,0,980805748,154,0,0,0,0,0,0,19194069,0
0,0,26,0,4,0,980367932,152,0,0,0,0,0,0,19631885,0
0,0,27,0,5,0,979920334,152,0,0,0,0,0,0,20079482,0
0,0,27,0,3,0,979462749,152,0,0,0,0,0,0,20537069,0
0,0,28,0,3,0,978994956,152,0,0,0,0,0,0,21004861,0
0,0,29,0,4,0,978516742,151,0,0,0,0,0,0,21483075,0
0,0,29,0,3,0,978027884,151,0,0,0,0,0,0,21971932,0
0,0,29,0,4,0,977528160,151,0,0,0,0,0,0,22471656,0
0,0,29,0,5,0,977017336,150,0,0,0,0,0,0,22982481,0
0,0,30,0,4,0,976495177,150,0,0,0,0,0,0,23504637,0
0,0,32,0,3,0,975961450,151,0,0,0,0,0,0,24038364,0
0,0,31,0,3,0,975415908,151,0,0,0,0,0,0,24583907,0
0,0,31,0,3,0,974858304,151,0,0,0,0,0,0,25141511,0
0,0,31,0,3,0,974288385,151,0,0,0,0,0,0,25711430,0
0,0,30,0,3,0,973705896,152,0,0,0,0,0,0,26293918,0
0,0,30,0,3,0,973110575,152,0,0,0,0,0,0,26889238,0
0,0,30,0,3,0,972502158,152,0,0,0,0,0,0,27497656,0
0,0,29,0,3,0,971880368,153,0,0,0,0,0,0,28119444,0
0,0,28,0,5,0,971244941,152,0,0,0,0,0,0,28754876,0
0,0,29,0,5,0,970595583,151,0,0,0,0,0,0,29404232,0
0,0,28,0,5,0,969932019,151,0,0,0,0,0,0,30067798,0
0,0,28,0,4,0,969253951,150,0,0,0,0,0,0,30745866,0
0,0,28,0,4,0,968561088,149,0,0,0,0,0,0,31438730,0
0,0,29,0,3,0,967853131,149,0,0,0,0,0,0,32146688,0
0,0,29,0,5,0,967129767,149,0,0,0,0,0,0,32870049,0
0,0,29,0,4,0,966390699,149,0,0,0,0,0,0,33609121,0
0,0,28,0,3,0,965635602,149,0,0,0,0,0,0,34364218,0
0,0,31,0,3,0,964864152,150,0,0,0,0,0,0,35135664,0
0,0,32,0,4,0,964076027,150,0,0,0,0,0,0,35923786,0
0,0,32,0,5,0,963270902,150,0,0,0,0,0,0,36728910,0
0,0,31,0,4,0,962448438,150,0,0,0,0,0,0,37551376,0
0,0,31,0,4,0,961608287,151,0,0,0,0,0,0,38391526,0
0,0,30,0,5,0,960750108,149,0,0,0,0,0,0,39249707,0
0,0,31,0,3,0,959873546,149,0,0,0,0,0,0,40126271,0
0,0,31,0,3,0,958978241,149,0,0,0,0,0,0,41021577,0
0,0,30,0,4,0,958063833,149,0,0,0,0,0,0,41935984,0
0,0,29,0,5,0,957129953,149,0,0,0,0,0,0,42869863,0
0,0,28,0,4,0,956176231,149,0,0,0,0,0,0,43823588,0
0,0,28,0,2,0,955202285,148,0,0,0,0,0,0,44797537,0
0,0,28,0,3,0,954207726,149,0,0,0,0,0,0,45792094,0
0,0,29,0,3,0,953192172,148,0,0,0,0,0,0,46807649,0
0,0,29,0,4,0,952155222,148,0,0,0,0,0,0,47844596,0
0,0,30,0,3,0,951096482,148,0,0,0,0,0,0,48903338,0
0,0,28,0,2,0,950015541,148,0,0,0,0,0,0,49984279,0
0,0,28,0,3,0,948911992,148,0,0,0,0,0,0,51087829,0
0,0,26,0,4,0,947785417,147,0,0,0,0,0,0,52214405,0
0,0,25,0,4,0,946635396,147,0,0,0,0,0,0,53364427,0
0,0,25,0,6,0,945461501,146,0,0,0,0,0,0,54538320,0
0,0,25,0,5,0,944263308,146,0,0,0,0,0,0,55736515,0
0,0,24,0,5,0,943040376,146,0,0,0,0,0,0,56959449,0
0,0,24,0,5,0,941792264,146,0,0,0,0,0,0,58207560,0
0,0,24,0,4,0,940518531,145,0,0,0,0,0,0,59481296,0
0,0,25,0,4,0,939218722,144,0,0,0,0,0,0,60781105,0
0,0,26,0,4,0,937892382,144,0,0,0,0,0,0,62107443,0
0,0,25,0,5,0,936539057,144,0,0,0,0,0,0,63460768,0
0,0,25,0,5,0,935158282,143,0,0,0,0,0,0,64841543,0
0,0,27,0,5,0,933749589,143,0,0,0,0,0,0,66250236,0
0,0,26,0,6,0,932312508,142,0,0,0,0,0,0,67687318,0
0,0,27,0,4,0,930846562,142,0,0,0,0,0,0,69153264,0
0,0,27,0,4,0,929351275,141,0,0,0,0,0,0,70648552,0
0,0,29,0,4,0,927826161,140,0,0,0,0,0,0,72173667,0
0,0,29,0,5,0,926270735,139,0,0,0,0,0,0,73729092,0
0,0,29,0,5,0,924684510,139,0,0,0,0,0,0,75315317,0
0,0,29,0,4,0,923066991,139,0,0,0,0,0,0,76932836,0
0,0,30,0,4,0,921417688,138,0,0,0,0,0,0,78582140,0
0,0,29,0,3,0,919736104,137,0,0,0,0,0,0,80263727,0
0,0,28,0,4,0,918021734,137,0,0,0,0,0,0,81978097,0
0,0,27,0,4,0,916274079,137,0,0,0,0,0,0,83725753,0
0,0,26,0,4,0,914492638,137,0,0,0,0,0,0,85507195,0
0,0,26,0,5,0,912676902,137,0,0,0,0,0,0,87322929,0
0,0,27,0,3,0,910826373,136,0,0,0,0,0,0,89173460,0
0,0,27,0,3,0,908940539,137,0,0,0,0,0,0,91059295,0
0,0,28,0,3,0,907018893,137,0,0,0,0,0,0,92980938,0
0,0,27,0,5,0,905060933,136,0,0,0,0,0,0,94938899,0
0,0,27,0,6,0,903066149,135,0,0,0,0,0,0,96933684,0
0,0,28,0,5,0,901034034,134,0,0,0,0,0,0,98965799,0
0,0,27,0,5,0,898964084,134,0,0,0,0,0,0,101035749,0
0,0,26,0,4,0,896855797,135,0,0,0,0,0,0,103144038,0
0,0,26,0,3,0,894708666,134,0,0,0,0,0,0,105291168,0
0,0,25,0,4,0,892522201,134,0,0,0,0,0,0,107477636,0
0,0,25,0,4,0,890295896,133,0,0,0,0,0,0,109703941,0
0,0,25,0,5,0,888029260,133,0,0,0,0,0,0,111970576,0
0,0,25,0,3,0,885721806,132,0,0,0,0,0,0,114278032,0
0,0,26,0,2,0,883373046,131,0,0,0,0,0,0,116626794,0
0,0,26,0,1,0,880982496,130,0,0,0,0,0,0,119017344,0
0,0,26,0,2,0,878549683,131,0,0,0,0,0,0,121450157,0
0,0,27,0,2,0,876074135,131,0,0,0,0,0,0,123925703,0
0,0,27,0,3,0,873555391,131,0,0,0,0,0,0,126444449,0
0,0,27,0,3,0,870992992,131,0,0,0,0,0,0,129006846,0
0,0,28,0,4,0,868386489,130,0,0,0,0,0,0,131613347,0
0,0,28,0,5,0,865735442,131,0,0,0,0,0,0,134264393,0
0,0,27,0,3,0,863039421,131,0,0,0,0,0,0,136960417,0
0,0,26,0,3,0,860297998,130,0,0,0,0,0,0,139701840,0
0,0,26,0,4,0,857510760,131,0,0,0,0,0,0,142489077,0
0,0,28,0,3,0,854677308,131,0,0,0,0,0,0,145322530,0
0,0,29,0,4,0,851797250,129,0,0,0,0,0,0,148202588,0
0,0,29,0,4,0,848870205,130,0,0,0,0,0,0,151129632,0
0,0,28,0,4,0,845895811,130,0,0,0,0,0,0,154104027,0
0,0,27,0,3,0,842873713,129,0,0,0,0,0,0,157126125,0
0,0,26,0,4,0,839803576,129,0,0,0,0,0,0,160196264,0
0,0,26,0,4,0,836685072,128,0,0,0,0,0,0,163314770,0
0,0,27,0,5,0,833517891,128,0,0,0,0,0,0,166481949,0
0,0,29,0,3,0,830301751,127,0,0,0,0,0,0,169698090,0
0,0,29,0,4,0,827036369,127,0,0,0,0,1,0,172963470,0
0,0,29,0,3,0,823721497,126,0,0,0,0,2,0,176278343,0
0,0,30,0,2,0,820356892,126,0,0,0,0,1,0,179642949,0
0,0,31,0,3,0,816942341,126,0,0,0,0,1,0,183057498,0
0,0,30,0,3,0,813477645,126,0,0,0,0,0,0,186522195,0
0,0,30,0,2,0,809962628,125,0,0,0,0,1,0,190037213,0
0,0,31,0,2,0,806397135,124,0,0,0,0,0,0,193602707,0
0,0,31,0,3,0,802781033,123,0,0,0,0,0,0,197218809,0
0,0,30,0,2,0,799114218,123,0,0,0,0,0,0,200885626,0
0,0,30,0,2,0,795396600,122,0,0,0,0,0,0,204603244,0
0,0,29,0,2,0,791628126,121,0,0,0,0,0,0,208371720,0
0,0,28,0,2,0,787808762,120,0,0,0,0,0,0,212191087,0
0,0,28,0,4,0,783938490,120,0,0,0,0,0,0,216061356,0
0,0,28,0,3,0,780017340,120,0,0,0,0,0,0,219982507,0
0,0,28,0,3,0,776045361,119,0,0,0,0,0,0,223954487,0
0,0,26,0,2,0,772022623,118,0,0,0,0,1,0,227977227,0
0,0,24,0,2,0,767949237,117,0,0,0,0,1,0,232050619,0
0,0,23,0,3,0,763825332,117,0,0,0,0,2,0,236174523,0
0,0,25,0,4,0,759651073,117,0,0,0,0,1,0,240348780,0
0,0,24,0,2,0,755426664,115,0,0,0,0,1,0,244573191,0
0,0,24,0,4,0,751152327,114,0,0,0,0,2,0,248847529,1
0,0,26,0,2,0,746828322,112,0,0,0,0,2,0,253171534,0
0,0,26,0,3,0,742454944,111,0,0,1,0,2,0,257544912,0
0,0,25,0,3,0,738032521,110,0,0,1,0,2,0,261967337,0
0,0,26,0,3,0,733561408,110,0,0,1,0,2,0,266438449,2
0,0,25,0,4,0,729042001,110,0,0,1,0,2,0,270957856,3
0,0,23,0,3,0,724474729,108,0,0,2,0,2,0,275525131,3
0,0,22,0,3,0,719860051,107,0,0,4,0,1,0,280139808,3
0,0,24,0,3,0,715198467,107,0,0,4,0,1,0,284801390,3
0,0,23,0,3,0,710490514,105,0,0,4,0,1,0,289509345,3
0,0,23,0,2,0,705736755,105,0,0,4,0,1,0,294263106,3
0,0,22,0,3,0,700937793,105,0,0,4,0,0,0,299062068,4
0,0,21,0,4,0,696094270,104,0,0,4,0,0,0,303905593,4
0,0,20,0,4,0,691206863,102,0,0,4,0,1,0,308793001,4
0,0,20,0,3,0,686276280,102,0,0,4,0,1,0,313723587,4
0,0,19,0,4,0,681303267,100,0,0,5,0,2,0,318696599,5
0,0,18,0,2,0,676288609,100,0,0,5,0,1,0,323711259,4
0,0,18,0,3,0,671233120,99,0,0,5,0,2,0,328766748,4
0,0,18,0,3,0,666137655,98,0,0,5,0,2,0,333862213,5
0,0,19,0,2,0,661003103,97,0,0,6,0,1,0,338996768,5
0,0,19,0,1,0,655830380,96,0,0,6,0,1,0,344169489,5
0,0,17,0,2,0,650620451,95,0,0,6,0,1,0,349379421,5
0,0,17,0,3,0,645374299,94,0,0,5,0,1,0,354625574,5
0,0,17,0,2,0,640092950,93,0,0,6,0,2,0,359906925,6
0,0,17,0,3,0,634777455,92,0,0,7,0,1,0,365222418,7
0,0,17,0,2,0,629428905,92,0,0,7,0,2,0,370570968,7
0,0,16,0,3,0,624048419,91,0,0,7,0,3,0,375951454,7
0,0,16,0,3,0,618637144,90,0,0,7,0,3,0,381362731,7
0,0,16,0,3,0,613196256,89,0,0,8,0,3,0,386803617,7
0,0,15,0,3,0,607726966,88,0,0,9,0,3,0,392272906,7
0,0,16,0,3,0,602230509,88,0,0,10,0,3,0,397769366,7
0,0,16,0,3,0,596708141,86,0,0,11,0,3,0,403291732,7
0,0,15,0,3,0,591161157,85,0,0,12,0,3,0,408838720,7
0,0,15,0,3,0,585590860,84,0,0,13,0,3,0,414409016,6
0,0,15,0,3,0,579998592,83,0,0,13,0,3,0,420001284,7
0,0,15,0,3,0,574385706,82,0,0,13,0,3,0,425614170,8
0,0,15,0,3,0,568753583,81,0,0,13,0,3,0,431246293,8
0,0,16,0,2,0,563103622,80,0,0,13,0,2,0,436896257,8
0,0,16,0,2,0,557437235,80,0,0,14,0,2,0,442562642,9
0,0,16,0,2,0,551755859,79,0,0,14,0,3,0,448244017,9
0,0,17,0,1,0,546060941,79,0,0,14,0,3,0,453938936,11
0,0,17,0,1,0,540353945,79,0,0,14,0,3,0,459645930,12
0,0,17,0,2,0,534636344,78,0,0,14,0,3,0,465363529,13
0,0,16,0,1,0,528909629,77,0,0,14,0,3,0,471090246,14
0,0,16,0,2,0,523175291,78,0,0,14,0,3,0,476824583,14
0,0,16,0,2,0,517434837,78,0,0,15,0,3,0,482565037,13
0,0,16,0,2,0,511689779,77,0,0,15,0,3,0,488310096,12
0,0,16,0,1,0,505941630,77,0,0,15,0,4,0,494058243,13
0,0,16,0,1,0,500191913,75,0,0,16,0,4,0,499807963,12
0,0,15,0,1,0,494442144,74,0,0,16,0,3,0,505557733,12
0,0,15,0,2,0,488693842,73,0,0,16,0,2,0,511306036,12
0,0,15,0,2,0,482948531,71,0,0,16,0,3,0,517051348,13
0,0,15,0,3,0,477207724,70,0,0,16,0,3,0,522792157,13
0,0,15,0,3,0,471472931,69,0,0,17,0,3,0,528526950,13
0,0,15,0,2,0,465745659,68,0,0,17,0,4,0,534254221,14
0,0,14,0,2,0,460027407,67,0,0,17,0,3,0,539972475,14
0,0,14,0,2,0,454319657,66,0,0,17,0,4,0,545680227,13
0,0,14,0,2,0,448623885,65,0,0,17,0,3,0,551376001,12
0,0,14,0,3,0,442941558,64,0,0,17,0,3,0,557058330,12
0,0,14,0,1,0,437274129,62,0,0,17,0,2,0,562725761,13
0,0,13,0,0,0,431623028,61,0,0,17,0,3,0,568376863,13
0,0,12,0,0,0,425989672,60,0,0,18,0,3,0,574010220,13
0,0,13,0,0,0,420375460,59,0,0,18,0,3,0,579624433,13
0,0,13,0,0,0,414781772,59,0,0,18,0,4,0,585218120,12
0,0,12,0,0,0,409209968,60,0,0,18,0,3,0,590789926,12
0,0,11,0,0,0,403661384,59,0,0,18,0,3,0,596338510,13
0,0,11,0,2,0,398137335,58,0,0,20,0,4,0,601862558,14
0,0,11,0,2,0,392639107,57,0,0,20,0,3,0,607360787,14
0,0,11,0,1,0,387167965,57,0,0,19,0,4,0,612831927,15
0,0,10,0,0,0,381725145,56,0,0,20,0,4,0,618274749,14
0,0,10,0,0,0,376311856,55,0,0,20,0,3,0,623688041,14
0,0,10,0,1,0,370929278,55,0,0,20,0,2,0,629070620,14
0,0,10,0,0,0,365578561,54,0,0,19,0,3,0,634421337,14
0,0,10,0,0,0,360260828,53,0,0,19,0,3,0,639739073,14
0,0,10,0,1,0,354977165,52,0,0,20,0,4,0,645022734,15
0,0,10,0,2,0,349728632,51,0,0,20,0,5,0,650271266,15
0,0,10,0,3,0,344516252,51,0,0,22,0,4,0,655483645,14
0,0,9,0,1,0,339341021,50,0,0,22,0,4,0,660658878,14
0,0,8,0,1,0,334203892,49,0,0,22,0,4,0,665796009,14
0,0,9,0,1,0,329105791,49,0,0,22,0,5,0,670894110,14
0,0,9,0,0,0,324047609,48,0,0,23,0,5,0,675952292,13
0,0,10,0,1,0,319030199,47,0,0,23,0,4,0,680969702,14
0,0,11,0,0,0,314054382,46,0,0,24,0,3,0,685945519,15
0,0,10,0,0,0,309120943,46,0,0,24,0,4,0,690878957,16
0,0,10,0,0,0,304230629,45,0,0,25,0,4,0,695769270,17
0,0,9,0,2,0,299384155,44,0,0,26,0,4,0,700615743,17
0,0,9,0,1,0,294582201,44,0,0,26,0,5,0,705417698,17
0,0,8,0,2,0,289825406,43,0,0,26,0,6,0,710174493,16
0,0,8,0,1,0,285114377,42,0,0,27,0,6,0,714885522,17
0,0,7,0,0,0,280449684,42,0,0,27,0,6,0,719550215,18
0,0,6,0,0,0,275831861,42,0,0,27,0,6,0,724168039,18
0,0,6,0,0,0,271261410,43,0,0,26,0,8,0,728738490,18
0,0,6,0,0,0,266738795,43,0,0,26,0,8,0,733261105,18
0,0,6,0,0,0,262264445,43,0,0,26,0,7,0,737735453,17
0,0,5,0,0,0,257838760,42,0,0,26,0,6,0,742161142,17
0,0,5,0,0,0,253462097,43,0,0,25,0,5,0,746537807,18
0,0,5,0,0,0,249134789,42,0,0,25,0,5,0,750865117,16
0,0,5,0,1,0,244857127,41,0,0,24,0,5,0,755142781,15
0,0,4,0,0,0,240629377,40,0,0,24,0,5,0,759370533,15
0,0,5,0,0,0,236451765,41,0,0,24,0,6,0,763548143,17
0,0,6,0,0,0,232324492,40,0,0,25,0,6,0,767675414,16
0,0,6,0,0,0,228247725,39,0,0,24,0,6,0,771752182,16
0,0,6,0,0,0,224221603,37,0,0,24,0,7,0,775778307,16
0,0,6,0,0,0,220246232,36,0,0,24,0,5,0,779753681,16
0,0,5,0,0,0,216321688,35,0,0,23,0,5,0,783678227,16
0,0,4,0,0,0,212448024,34,0,0,23,0,5,0,787551894,15
0,0,4,0,0,0,208625259,34,0,0,23,0,5,0,791374661,14
0,0,4,0,0,0,204853387,33,0,0,23,0,5,0,795146534,14
0,0,4,0,0,0,201132378,32,0,0,22,0,4,0,798867544,15
0,0,5,0,0,0,197462172,32,0,0,21,0,5,0,802537750,16
0,0,4,0,0,0,193842688,31,0,0,23,0,4,0,806157232,15
0,0,4,0,0,0,190273821,30,0,0,23,0,4,0,809726102,16
0,0,4,0,0,0,186755438,30,0,0,22,0,5,0,813244484,16
0,0,4,0,0,0,183287389,30,0,0,24,0,5,0,816712535,15
0,0,4,0,0,0,179869495,30,0,0,24,0,6,0,820130425,16
0,0,4,0,0,0,176501566,29,0,0,25,0,6,0,823498354,15
0,0,4,0,0,0,173183382,28,0,0,26,0,6,0,826816540,15
0,0,4,0,0,0,169914706,28,0,0,27,0,6,0,830085212,16
0,0,4,0,0,0,166695286,28,0,0,27,0,6,0,833304633,16
0,0,4,0,0,0,163524849,28,0,0,28,0,6,0,836475069,17
0,0,4,0,0,0,160403105,28,0,0,28,0,7,0,839596812,18
0,0,4,0,0,0,157329746,28,0,0,29,0,6,0,842670169,18
0,0,5,0,0,0,154304450,28,0,0,30,0,5,0,845695466,17
0,0,5,0,0,0,151326883,27,0,0,30,0,6,0,848673031,17
0,0,5,0,0,0,148396690,27,0,0,31,0,6,0,851603225,17
0,0,5,0,0,0,145513507,26,0,0,31,0,5,0,854486408,17
0,0,5,0,0,0,142676956,25,0,0,30,0,4,0,857322962,18
0,0,5,0,0,0,139886648,24,0,0,32,0,4,0,860113269,18
0,0,5,0,0,0,137142179,24,0,0,33,0,4,0,862857736,19
0,0,5,0,0,0,134443137,23,0,0,33,0,4,0,865556777,20
0,0,5,0,0,0,131789103,22,0,0,33,0,5,0,868210812,20
0,0,5,0,0,0,129179642,21,0,0,33,0,5,0,870820271,23
0,0,5,0,0,0,126614315,21,0,0,32,0,6,0,873385599,22
0,0,4,0,0,0,124092672,21,0,0,30,0,5,0,875907246,20
0,0,3,0,0,0,121614256,21,0,0,31,0,5,0,878385665,19
0,0,3,0,0,0,119178606,20,0,0,30,0,4,0,880821318,18
0,0,2,0,0,0,116785252,20,0,0,30,0,5,0,883214672,19
0,0,2,0,0,0,114433716,20,0,0,29,0,5,0,885566208,20
0,0,2,0,0,0,112123518,20,0,0,29,0,6,0,887876406,19
0,0,2,0,0,0,109854173,19,0,0,30,0,5,0,890145751,18
0,0,2,0,0,0,107625191,18,0,0,31,0,4,0,892374735,19
0,0,2,0,0,0,105436079,18,0,0,29,0,7,0,894563847,19
0,0,2,0,0,0,103286339,18,0,0,30,0,6,0,896713583,21
0,0,2,0,0,0,101175475,17,0,0,31,0,8,0,898824446,21
0,0,2,0,0,0,99102984,16,0,0,31,0,6,0,900896941,21
0,0,3,0,0,0,97068359,16,0,0,31,0,7,0,902931564,20
0,0,3,0,0,0,95071098,16,0,0,31,0,7,0,904928826,19
0,0,2,0,0,0,93110695,16,0,0,31,0,7,0,906889229,18
0,0,2,0,0,0,91186644,15,0,0,31,0,7,0,908813284,17
0,0,2,0,0,0,89298437,14,0,0,30,0,7,0,910701492,18
0,0,2,0,0,0,87445566,13,0,0,29,0,7,0,912554364,18
0,0,2,0,0,0,85627527,13,0,0,30,0,7,0,914372405,18
0,0,2,0,0,0,83843812,12,0,0,30,0,6,0,916156120,17
0,0,2,0,0,0,82093918,11,0,0,29,0,6,0,917906016,19
0,0,2,0,0,0,80377341,10,0,0,29,0,7,0,919622592,19
0,0,2,0,0,0,78693578,10,0,0,28,0,7,0,921306353,20
0,0,1,0,0,0,77042136,10,0,0,29,0,5,0,922957799,20
0,0,2,0,0,0,75422512,10,0,0,30,0,7,0,924577422,19
0,0,3,0,0,0,73834212,10,0,0,29,0,8,0,926165718,20
0,0,2,0,0,0,72276746,10,0,0,29,0,8,0,927723184,20
0,0,2,0,0,0,70749624,11,0,0,29,0,7,0,929250308,21
0,0,2,0,0,0,69252360,11,0,0,31,0,7,0,930747570,20
0,0,2,0,0,0,67784471,11,0,0,30,0,7,0,932215459,21
0,0,2,0,0,0,66345478,11,0,0,30,0,6,0,933654451,22
0,0,2,0,0,0,64934904,10,0,0,29,0,6,0,935065022,25
0,0,2,0,0,0,63552280,10,0,0,30,0,5,0,936447646,26
0,0,2,0,0,0,62197137,11,0,0,29,0,5,0,937802789,27
0,0,2,0,0,0,60869013,11,0,0,30,0,4,0,939130913,27
0,0,2,0,0,0,59567447,11,0,0,30,0,5,0,940432480,25
0,0,2,0,0,0,58291986,10,0,0,30,0,6,0,941707942,24
0,0,2,0,0,0,57042177,9,0,0,31,0,7,0,942957748,25
0,0,2,0,0,0,55817578,8,0,0,31,0,7,0,944182350,25
0,0,2,0,0,0,54617746,8,0,0,31,0,6,0,945382180,26
0,0,2,0,0,0,53442244,8,0,0,30,0,6,0,946557686,24
0,0,2,0,0,0,52290642,8,0,0,30,0,6,0,947709287,23
0,0,1,0,0,0,51162514,7,0,0,29,0,6,0,948837417,22
0,0,2,0,0,0,50057440,7,0,0,30,0,8,0,949942492,22
0,0,2,0,0,0,48975002,7,0,0,29,0,8,0,951024928,22
0,0,2,0,0,0,47914790,7,0,0,29,0,7,0,952085144,22
0,0,2,0,0,0,46876399,7,0,0,29,0,8,0,953123532,22
0,0,2,0,0,0,45859428,7,0,0,29,0,6,0,954140506,22
0,0,2,0,0,0,44863481,7,0,0,29,0,5,0,955136453,22
0,0,2,0,0,0,43888168,7,0,0,29,0,6,0,956111765,23
0,0,2,0,0,0,42933106,7,0,0,30,0,5,0,957066827,23
0,0,2,0,0,0,41997915,7,0,0,31,0,5,0,958002017,24
0,0,2,0,0,0,41082220,6,0,0,31,0,5,0,958917711,24
0,0,2,0,0,0,40185652,6,0,0,30,0,5,0,959814281,24
0,0,2,0,0,0,39307849,6,0,0,30,0,6,0,960692084,24
0,0,2,0,0,0,38448453,5,0,0,31,0,5,0,961551481,23
0,0,2,0,0,0,37607110,5,0,0,31,0,5,0,962392824,22
0,0,2,0,0,0,36783474,5,0,0,30,0,5,0,963216461,23
0,0,2,0,0,0,35977202,5,0,0,32,0,5,0,964022733,23
0,0,2,0,0,0,35187957,5,0,0,31,0,5,0,964811977,24
0,0,2,0,0,0,34415408,5,0,0,32,0,4,0,965584527,23
0,0,2,0,0,0,33659228,4,0,0,31,0,5,0,966340707,23
0,0,2,0,0,0,32919099,4,0,0,33,0,7,0,967080832,24
0,0,2,0,0,0,32194700,4,0,0,34,0,8,0,967805229,24
0,0,2,0,0,0,31485724,5,0,0,34,0,7,0,968514202,25
0,0,2,0,0,0,30791863,4,0,0,33,0,7,0,969208065,26
0,0,1,0,0,0,30112819,4,0,0,33,0,7,0,969887110,26
0,0,2,0,0,0,29448293,4,0,0,32,0,8,0,970551636,26
0,0,2,0,0,0,28797997,4,0,0,32,0,6,0,971201934,24
0,0,2,0,0,0,28161643,4,0,0,32,0,7,0,971838288,24
0,0,2,0,0,0,27538954,4,0,0,33,0,6,0,972460977,24
0,0,2,0,0,0,26929649,5,0,0,31,0,6,0,973070283,24
0,0,2,0,0,0,26333463,5,0,0,31,0,6,0,973666470,24
0,0,2,0,0,0,25750126,5,0,0,31,0,6,0,974249805,25
0,0,1,0,0,0,25179377,5,0,0,31,0,8,0,974820555,24
0,0,0,0,0,0,24620958,5,0,0,32,0,7,0,975378975,23
0,0,0,0,0,0,24074618,5,0,0,32,0,7,0,975925313,25
0,0,0,0,0,0,23540109,4,0,0,31,0,7,0,976459824,26
0,0,0,0,0,0,23017188,3,0,0,33,0,7,0,976982743,25
0,0,0,0,0,0,22505617,3,0,0,33,0,7,0,977494315,26
0,0,0,0,0,0,22005157,3,0,0,32,0,6,0,977994775,25
0,0,0,0,0,0,21515582,2,0,0,33,0,5,0,978484352,25
0,0,0,0,0,0,21036664,2,0,0,31,0,4,0,978963274,25
0,0,0,0,0,0,20568182,2,0,0,29,0,4,0,979431757,25
0,0,0,0,0,0,20109919,2,0,0,30,0,5,0,979890019,25
0,0,0,0,0,0,19661663,2,0,0,30,0,5,0,980338277,24
0,0,0,0,0,0,19223201,2,0,0,29,0,7,0,980776736,25
0,0,0,0,0,0,18794331,2,0,0,30,0,8,0,981205605,24
0,0,0,0,0,0,18374848,2,0,0,30,0,7,0,981625088,25
0,0,0,0,0,0,17964559,2,0,0,30,0,7,0,982035378,24
0,0,0,0,0,0,17563266,2,0,0,30,0,6,0,982436672,23
0,0,0,0,0,0,17170782,2,0,0,30,0,6,0,982829158,23
0,0,0,0,0,0,16786917,2,0,0,29,0,5,0,983213025,22
0,0,0,0,0,0,16411490,2,0,0,29,0,8,0,983588450,22
0,0,0,0,0,0,16044323,2,0,0,31,0,7,0,983955616,22
0,0,0,0,0,0,15685239,2,0,0,32,0,6,0,984314699,22
0,0,0,0,0,0,15334066,3,0,0,32,0,8,0,984665870,22
0,0,0,0,0,0,14990637,3,0,0,32,0,7,0,985009299,23
0,0,0,0,0,0,14654784,3,0,0,32,0,6,0,985345153,23
0,0,0,0,0,0,14326347,3,0,0,33,0,5,0,985673588,24
0,0,0,0,0,0,14005165,3,0,0,31,0,5,0,985994771,25
0,0,0,0,0,0,13691084,3,0,0,31,0,6,0,986308853,23
0,0,0,0,0,0,13383953,3,0,0,31,0,6,0,986615983,24
0,0,0,0,0,0,13083619,3,0,0,32,0,5,0,986916317,24
0,0,0,0,0,0,12789939,3,0,0,31,0,5,0,987209997,25
0,0,0,0,0,0,12502765,3,0,0,32,0,7,0,987497168,24
0,0,0,0,0,0,12221959,3,0,0,32,0,9,0,987777974,24
0,0,0,0,0,0,11947385,3,0,0,31,0,7,0,988052550,24
0,0,0,0,0,0,11678906,3,0,0,31,0,6,0,988321030,24
0,0,0,0,0,0,11416391,3,0,0,31,0,7,0,988583546,23
0,0,0,0,0,0,11159709,3,0,0,30,0,6,0,988840229,23
0,0,0,0,0,0,10908736,3,0,0,30,0,6,0,989091203,23
0,0,0,0,0,0,10663346,3,0,0,31,0,6,0,989336592,23
0,0,0,0,0,0,10423417,3,0,0,32,0,6,0,989576518,24
0,0,0,0,0,0,10188832,2,0,0,32,0,6,0,989811104,23
0,0,0,0,0,0,9959473,2,0,0,32,0,6,0,990040464,22
0,0,0,0,0,0,9735225,2,0,0,33,0,6,0,990264712,23
0,0,0,0,0,0,9515978,1,0,0,32,0,5,0,990483959,24
0,0,0,0,0,0,9301624,0,0,0,32,0,5,0,990698315,24
0,0,0,0,0,0,9092053,0,0,0,31,0,5,0,990907886,25
0,0,0,0,0,0,8887162,0,0,0,32,0,6,0,991112776,25
0,0,0,0,0,0,8686849,0,0,0,32,0,7,0,991313088,25
0,0,0,0,0,0,8491011,0,0,0,31,0,6,0,991508926,24
0,0,0,0,0,0,8299552,0,0,0,32,0,7,0,991700386,24
0,0,0,0,0,0,8112374,0,0,0,32,0,7,0,991887563,24
0,0,0,0,0,0,7929385,0,0,0,31,0,8,0,992070553,23
0,0,0,0,0,0,7750491,0,0,0,32,0,7,0,992249447,22
0,0,0,0,0,0,7575602,0,0,0,32,0,5,0,992424340,22
0,0,0,0,0,0,7404629,0,0,0,32,0,5,0,992595313,22
0,0,0,0,0,0,7237487,0,0,0,34,0,5,0,992762454,21
0,0,0,0,0,0,7074092,0,0,0,34,0,7,0,992925846,21
0,0,0,0,0,0,6914360,0,0,0,33,0,7,0,993085578,20
0,0,0,0,0,0,6758210,0,0,0,33,0,6,0,993241730,21
0,0,0,0,0,0,6605562,0,0,0,36,0,6,0,993394376,21
0,0,0,0,0,0,6456341,0,0,0,35,0,7,0,993543597,21
0,0,0,0,0,0,6310470,0,0,0,33,0,7,0,993689468,22
0,0,0,0,0,0,6167874,0,0,0,31,0,7,0,993832065,23
0,0,0,0,0,0,6028480,0,0,0,30,0,7,0,993971460,23
0,0,0,0,0,0,5892218,0,0,0,29,0,6,0,994107725,22
0,0,0,0,0,0,5759018,0,0,0,29,0,7,0,994240926,21
0,0,0,0,0,0,5628812,0,0,0,29,0,6,0,994371131,20
0,0,0,0,0,0,5501533,0,0,0,30,0,8,0,994498410,19
0,0,0,0,0,0,5377116,0,0,0,31,0,8,0,994622827,19
0,0,0,0,0,0,5255499,0,0,0,31,0,7,0,994744443,20
0,0,0,0,0,0,5136618,0,0,0,31,0,7,0,994863322,20
0,0,0,0,0,0,5020413,0,0,0,30,0,6,0,994979529,21
0,0,0,0,0,0,4906824,0,0,0,30,0,6,0,995093117,22
0,0,0,0,0,0,4795793,0,0,0,30,0,6,0,995204150,22
0,0,0,0,0,0,4687261,0,0,0,29,0,7,0,995312681,22
0,0,0,0,0,0,4581175,0,0,0,29,0,6,0,995418768,22
0,0,0,0,0,0,4477481,0,0,0,30,0,5,0,995522460,23
0,0,0,0,0,0,4376123,0,0,0,31,0,6,0,995623818,22
0,0,0,0,0,0,4277048,0,0,0,32,0,6,0,995722893,21
0,0,0,0,0,0,4180208,0,0,0,31,0,7,0,995819734,20
0,0,0,0,0,0,4085550,0,0,0,30,0,8,0,995914391,21
0,0,0,0,0,0,3993029,0,0,0,29,0,8,0,996006912,22
0,0,0,0,0,0,3902593,0,0,0,29,0,7,0,996097350,21
0,0,0,0,0,0,3814199,0,0,0,31,0,8,0,996185741,22
0,0,0,0,0,0,3727799,0,0,0,31,0,8,0,996272140,22
0,0,0,0,0,0,3643350,0,0,0,30,0,7,0,996356589,23
0,0,0,0,0,0,3560806,0,0,0,30,0,7,0,996439134,22
0,0,0,0,0,0,3480126,0,0,0,30,0,5,0,996519817,22
0,0,0,0,0,0,3401267,0,0,0,30,0,5,0,996598675,23
0,0,0,0,0,0,3324190,0,0,0,31,0,6,0,996675750,23
0,0,0,0,0,0,3248855,0,0,0,33,0,6,0,996751082,23
0,0,0,0,0,0,3175223,0,0,0,34,0,7,0,996824714,23
0,0,0,0,0,0,3103252,0,0,0,35,0,8,0,996896684,23
0,0,0,0,0,0,3032908,0,0,0,34,0,8,0,996967027,23
0,0,0,0,0,0,2964154,0,0,0,34,0,7,0,997035783,21
0,0,0,0,0,0,2896954,0,0,0,33,0,7,0,997102984,22
0,0,0,0,0,0,2831273,0,0,0,33,0,7,0,997168665,22
0,0,0,0,0,0,2767077,0,0,0,34,0,8,0,997232860,22
0,0,0,0,0,0,2704333,0,0,0,34,0,8,0,997295605,22
0,0,0,0,0,0,2643008,0,0,0,33,0,8,0,997356930,21
0,0,0,0,0,0,2583072,0,0,0,32,0,6,0,997416868,21
0,0,0,0,0,0,2524491,0,0,0,33,0,6,0,997475450,20
0,0,0,0,0,0,2467235,0,0,0,33,0,6,0,997532706,19
0,0,0,0,0,0,2411273,0,0,0,34,0,5,0,997588669,20
0,0,0,0,0,0,2356578,0,0,0,34,0,5,0,997643363,19
0,0,0,0,0,0,2303121,0,0,0,34,0,6,0,997696819,19
0,0,0,0,0,0,2250872,0,0,0,34,0,5,0,997749070,19
0,0,0,0,0,0,2199807,0,0,0,35,0,6,0,997800131,20
0,0,0,0,0,0,2149898,0,0,0,35,0,6,0,997850040,19
0,0,0,0,0,0,2101121,0,0,0,34,0,5,0,997898821,18
0,0,0,0,0,0,2053447,0,0,0,34,0,5,0,997946496,19
0,0,0,0,0,0,2006854,0,0,0,33,0,5,0,997993089,21
0,0,0,0,0,0,1961315,0,0,0,34,0,7,0,998038621,22
0,0,0,0,0,0,1916807,0,0,0,35,0,7,0,998083127,24
0,0,0,0,0,0,1873308,0,0,0,35,0,7,0,998126627,25
0,0,0,0,0,0,1830794,0,0,0,35,0,5,0,998169139,25
0,0,0,0,0,0,1789243,0,0,0,34,0,4,0,998210694,25
0,0,0,0,0,0,1748634,0,0,0,35,0,5,0,998251303,24
0,0,0,0,0,0,1708945,0,0,0,35,0,6,0,998290991,25
0,0,0,0,0,0,1670156,0,0,0,34,0,6,0,998329780,24
0,0,0,0,0,0,1632245,0,0,0,32,0,6,0,998367693,23
0,0,0,0,0,0,1595193,0,0,0,33,0,6,0,998404746,23
0,0,0,0,0,0,1558982,0,0,0,33,0,6,0,998440958,22
0,0,0,0,0,0,1523591,0,0,0,32,0,5,0,998476349,23
0,0,0,0,0,0,1489001,0,0,0,32,0,6,0,998510938,22
0,0,0,0,0,0,1455195,0,0,0,32,0,6,0,998544746,21
0,0,0,0,0,0,1422156,0,0,0,31,0,6,0,998577786,20
0,0,0,0,0,0,1389868,0,0,0,31,0,6,0,998610073,22
0,0,0,0,0,0,1358312,0,0,0,31,0,6,0,998641629,23
0,0,0,0,0,0,1327471,0,0,0,32,0,8,0,998672466,23
0,0,0,0,0,0,1297329,0,0,0,33,0,7,0,998702608,23
0,0,0,0,0,0,1267871,0,0,0,34,0,8,0,998732065,22
0,0,0,0,0,0,1239081,0,0,0,34,0,7,0,998760855,21
0,0,0,0,0,0,1210944,0,0,0,34,0,8,0,998788994,21
0,0,0,0,0,0,1183445,0,0,0,33,0,7,0,998816494,21
0,0,0,0,0,0,1156570,0,0,0,33,0,7,0,998843369,21
0,0,0,0,0,0,1130306,0,0,0,32,0,6,0,998869636,21
0,0,0,0,0,0,1104636,0,0,0,32,0,6,0,998895304,21
0,0,0,0,0,0,1079549,0,0,0,32,0,8,0,998920390,21
0,0,0,0,0,0,1055029,0,0,0,33,0,7,0,998944909,22
0,0,0,0,0,0,1031068,0,0,0,34,0,6,0,998968869,22
0,0,0,0,0,0,1007650,0,0,0,35,0,6,0,998992287,22
0,0,0,0,0,0,984764,0,0,0,34,0,8,0,999015173,21
0,0,0,0,0,0,962397,0,0,0,34,0,7,0,999037540,21
0,0,0,0,0,0,940538,0,0,0,33,0,7,0,999059399,22
0,0,0,0,0,0,919174,0,0,0,32,0,6,0,999080766,21
0,0,0,0,0,0,898295,0,0,0,31,0,8,0,999101643,22
0,0,0,0,0,0,877891,0,0,0,32,0,7,0,999122049,21
0,0,0,0,0,0,857949,0,0,0,32,0,7,0,999141992,20
0,0,0,0,0,0,838460,0,0,0,31,0,6,0,999161484,19
0,0,0,0,0,0,819414,0,0,0,30,0,7,0,999180531,18
0,0,0,0,0,0,800800,0,0,0,29,0,7,0,999199146,18
0,0,0,0,0,0,782610,0,0,0,29,0,6,0,999217336,19
0,0,0,0,0,0,764832,0,0,0,29,0,8,0,999235111,20
